[2026-08-17 05:12:12 UTC] === ITERATIVE LOOP v3 (SLEEP-SAFE) START ===
[2026-08-17 05:12:12 UTC] ========== STARTING SWEEP 1/2 ==========
[2026-08-17 05:12:12 UTC] --- [Sweep 1] T-101: implement_tool ---
[2026-08-17 05:12:16 UTC]     Gen 1 | Score: 10/10 | Verifier: PASS
[2026-08-17 05:12:16 UTC]     Target score 9 reached! Moving on.
[2026-08-17 05:12:23 UTC] --- [Sweep 1] T-102: hallucination_audit ---
[2026-08-17 05:12:28 UTC]     Gen 1 | Score: 8/10 | Verifier: PASS
[2026-08-17 05:12:33 UTC]     Gen 2 | Score: 8/10 | Verifier: PASS
[2026-08-17 05:12:38 UTC]     Gen 3 | Score: 8/10 | Verifier: PASS
[2026-08-17 05:12:45 UTC]     Gen 4 | Score: 8/10 | Verifier: PASS
[2026-08-17 05:12:51 UTC]     Gen 5 | Score: 8/10 | Verifier: PASS
[2026-08-17 05:12:58 UTC] --- [Sweep 1] T-103: implement_tool ---
[2026-08-17 05:13:09 UTC]     Gen 1 | Score: 9/10 | Verifier: PASS
[2026-08-17 05:13:09 UTC]     Target score 9 reached! Moving on.
[2026-08-17 05:13:16 UTC] --- [Sweep 1] T-104: implement_tool ---
[2026-08-17 05:13:30 UTC]     Gen 1 | Score: 9/10 | Verifier: PASS
[2026-08-17 05:13:30 UTC]     Target score 9 reached! Moving on.
[2026-08-17 05:13:37 UTC] --- [Sweep 1] T-105: implement_tool ---
[2026-08-17 05:13:44 UTC]     Gen 1 | Score: 9/10 | Verifier: PASS
[2026-08-17 05:13:44 UTC]     Target score 9 reached! Moving on.
[2026-08-17 05:13:51 UTC] --- [Sweep 1] T-106: implement_tool ---
[2026-08-17 05:13:58 UTC]     Gen 1 | Score: 9/10 | Verifier: PASS
[2026-08-17 05:13:58 UTC]     Target score 9 reached! Moving on.
[2026-08-17 05:14:05 UTC] --- [Sweep 1] T-107: generate_sql ---
[2026-08-17 05:14:07 UTC]     Gen 1 | Score: 8/10 | Verifier: PASS
[2026-08-17 05:14:14 UTC]     Gen 2 | Score: 9/10 | Verifier: PASS
[2026-08-17 05:14:14 UTC]     Target score 9 reached! Moving on.
[2026-08-17 05:14:21 UTC] --- [Sweep 1] T-108: generate_sql ---
[2026-08-17 05:14:23 UTC]     Gen 1 | Score: 7/10 | Verifier: PASS
[2026-08-17 05:14:27 UTC]     Gen 2 | Score: 7/10 | Verifier: PASS
[2026-08-17 05:14:39 UTC]     Gen 3 | Score: 9/10 | Verifier: PASS
[2026-08-17 05:14:39 UTC]     Target score 9 reached! Moving on.
[2026-08-17 05:14:46 UTC] --- [Sweep 1] T-109: expand_runbook ---
[2026-08-17 05:14:49 UTC]     Gen 1 | Score: 8/10 | Verifier: PASS
[2026-08-17 05:14:55 UTC]     Gen 2 | Score: 8/10 | Verifier: PASS
[2026-08-17 05:15:05 UTC]     Gen 3 | Score: 7/10 | Verifier: PASS
[2026-08-17 05:15:13 UTC]     Gen 4 | Score: 7/10 | Verifier: PASS
[2026-08-17 05:15:20 UTC]     Gen 5 | Score: 7/10 | Verifier: PASS
[2026-08-17 05:15:27 UTC] --- [Sweep 1] T-110: expand_runbook ---
[2026-08-17 05:15:33 UTC]     Gen 1 | Score: 8/10 | Verifier: PASS
[2026-08-17 05:15:43 UTC]     Gen 2 | Score: 8/10 | Verifier: PASS
[2026-08-17 05:15:49 UTC]     Gen 3 | Score: 7/10 | Verifier: PASS
[2026-08-17 05:16:03 UTC]     Gen 4 | Score: 8/10 | Verifier: PASS
[2026-08-17 05:16:09 UTC]     Gen 5 | Score: 8/10 | Verifier: PASS
[2026-08-17 05:16:16 UTC] ========== STARTING SWEEP 2/2 ==========
[2026-08-17 05:16:16 UTC] --- [Sweep 2] T-102: hallucination_audit ---
[2026-08-17 05:16:18 UTC]     Gen 1 | Score: 8/10 | Verifier: PASS
[2026-08-17 05:16:22 UTC]     Gen 2 | Score: 8/10 | Verifier: PASS
[2026-08-17 05:16:26 UTC]     Gen 3 | Score: 8/10 | Verifier: PASS
[2026-08-17 05:16:29 UTC]     Gen 4 | Score: 8/10 | Verifier: PASS
[2026-08-17 05:16:34 UTC]     Gen 5 | Score: 8/10 | Verifier: PASS
[2026-08-17 05:16:41 UTC] --- [Sweep 2] T-109: expand_runbook ---
[2026-08-17 05:16:44 UTC]     Gen 1 | Score: 8/10 | Verifier: PASS
[2026-08-17 05:16:50 UTC]     Gen 2 | Score: 8/10 | Verifier: PASS
[2026-08-17 05:17:03 UTC]     Gen 3 | Score: 7/10 | Verifier: PASS
[2026-08-17 05:17:08 UTC]     Gen 4 | Score: 8/10 | Verifier: PASS
[2026-08-17 05:17:11 UTC]     Gen 5 | Score: 8/10 | Verifier: PASS
[2026-08-17 05:17:18 UTC] --- [Sweep 2] T-110: expand_runbook ---
[2026-08-17 05:17:22 UTC]     Gen 1 | Score: 8/10 | Verifier: PASS
[2026-08-17 05:17:39 UTC]     Gen 2 | Score: 8/10 | Verifier: PASS
[2026-08-17 05:17:52 UTC]     Gen 3 | Score: 8/10 | Verifier: PASS
[2026-08-17 05:17:59 UTC]     Gen 4 | Score: 8/10 | Verifier: PASS
[2026-08-17 05:18:05 UTC]     Gen 5 | Score: 8/10 | Verifier: PASS
[2026-08-17 05:18:12 UTC] === SAVING BEST OUTPUTS ===
[2026-08-17 05:18:12 UTC]   T-101: Final Score 10/10 | passed
[2026-08-17 05:18:12 UTC]   T-102: Final Score 8/10 | passed
[2026-08-17 05:18:12 UTC]   T-103: Final Score 9/10 | passed
[2026-08-17 05:18:12 UTC]   T-104: Final Score 9/10 | passed
[2026-08-17 05:18:12 UTC]   T-105: Final Score 9/10 | passed
[2026-08-17 05:18:12 UTC]   T-106: Final Score 9/10 | passed
[2026-08-17 05:18:12 UTC]   T-107: Final Score 9/10 | passed
[2026-08-17 05:18:12 UTC]   T-108: Final Score 9/10 | passed
[2026-08-17 05:18:12 UTC]   T-109: Final Score 8/10 | passed
[2026-08-17 05:18:12 UTC]   T-110: Final Score 8/10 | passed
[2026-08-17 05:18:12 UTC] === LOOP COMPLETE === API Calls Used: 67/850
[2026-08-17 05:30:14 UTC] === ITERATIVE LOOP v3 (SLEEP-SAFE) START ===
[2026-08-17 05:30:14 UTC] ========== STARTING SWEEP 1/2 ==========
[2026-08-17 05:30:14 UTC] --- [Sweep 1] T-201: implement_tool ---
[2026-08-17 05:30:14 UTC]     API Error: HTTP_400: {
  "error": {
    "code": 400,
    "message": "API key not valid. Please pass a valid API key.",
    "status": "INVALID_ARGUMENT",
    "details": [
      {
        "@type": "type.googleapis.com/google.rpc.ErrorInfo",
        "reason": "API_KEY_INVALID",
        "domain": "googleapis.com",
        "metadata": {
          "service": "generativelanguage.googleapis.com"
        }
      },
      {
        "@type": "type.googleapis.com/google.rpc.LocalizedMessage",
        "locale": "en-US",
        "message": "API key not valid. Please pass a valid API key."
      }
    ]
  }
}

[2026-08-17 05:30:25 UTC]     API Error: HTTP_400: {
  "error": {
    "code": 400,
    "message": "API key not valid. Please pass a valid API key.",
    "status": "INVALID_ARGUMENT",
    "details": [
      {
        "@type": "type.googleapis.com/google.rpc.ErrorInfo",
        "reason": "API_KEY_INVALID",
        "domain": "googleapis.com",
        "metadata": {
          "service": "generativelanguage.googleapis.com"
        }
      },
      {
        "@type": "type.googleapis.com/google.rpc.LocalizedMessage",
        "locale": "en-US",
        "message": "API key not valid. Please pass a valid API key."
      }
    ]
  }
}

[2026-08-17 05:30:35 UTC]     API Error: HTTP_400: {
  "error": {
    "code": 400,
    "message": "API key not valid. Please pass a valid API key.",
    "status": "INVALID_ARGUMENT",
    "details": [
      {
        "@type": "type.googleapis.com/google.rpc.ErrorInfo",
        "reason": "API_KEY_INVALID",
        "domain": "googleapis.com",
        "metadata": {
          "service": "generativelanguage.googleapis.com"
        }
      },
      {
        "@type": "type.googleapis.com/google.rpc.LocalizedMessage",
        "locale": "en-US",
        "message": "API key not valid. Please pass a valid API key."
      }
    ]
  }
}

[2026-08-17 05:30:52 UTC] --- [Sweep 1] T-202: implement_tool ---
[2026-08-17 05:30:52 UTC]     API Error: HTTP_400: {
  "error": {
    "code": 400,
    "message": "API key not valid. Please pass a valid API key.",
    "status": "INVALID_ARGUMENT",
    "details": [
      {
        "@type": "type.googleapis.com/google.rpc.ErrorInfo",
        "reason": "API_KEY_INVALID",
        "domain": "googleapis.com",
        "metadata": {
          "service": "generativelanguage.googleapis.com"
        }
      },
      {
        "@type": "type.googleapis.com/google.rpc.LocalizedMessage",
        "locale": "en-US",
        "message": "API key not valid. Please pass a valid API key."
      }
    ]
  }
}

[2026-08-17 05:31:02 UTC]     API Error: HTTP_400: {
  "error": {
    "code": 400,
    "message": "API key not valid. Please pass a valid API key.",
    "status": "INVALID_ARGUMENT",
    "details": [
      {
        "@type": "type.googleapis.com/google.rpc.ErrorInfo",
        "reason": "API_KEY_INVALID",
        "domain": "googleapis.com",
        "metadata": {
          "service": "generativelanguage.googleapis.com"
        }
      },
      {
        "@type": "type.googleapis.com/google.rpc.LocalizedMessage",
        "locale": "en-US",
        "message": "API key not valid. Please pass a valid API key."
      }
    ]
  }
}

[2026-08-17 05:31:08 UTC] === ITERATIVE LOOP v3 (SLEEP-SAFE) START ===
[2026-08-17 05:31:08 UTC] ========== STARTING SWEEP 1/2 ==========
[2026-08-17 05:31:08 UTC] --- [Sweep 1] T-201: implement_tool ---
[2026-08-17 05:31:11 UTC]     Gen 1 | Score: 10/10 | Verifier: PASS
[2026-08-17 05:31:11 UTC]     Target score 9 reached! Moving on.
[2026-08-17 05:31:18 UTC] --- [Sweep 1] T-202: implement_tool ---
[2026-08-17 05:31:19 UTC]     Gen 1 | Score: 9/10 | Verifier: PASS
[2026-08-17 05:31:19 UTC]     Target score 9 reached! Moving on.
[2026-08-17 05:31:26 UTC] --- [Sweep 1] T-203: implement_tool ---
[2026-08-17 05:31:28 UTC]     Gen 1 | Score: 8/10 | Verifier: PASS
[2026-08-17 05:31:32 UTC]     Gen 2 | Score: 9/10 | Verifier: PASS
[2026-08-17 05:31:32 UTC]     Target score 9 reached! Moving on.
[2026-08-17 05:31:39 UTC] --- [Sweep 1] T-204: implement_tool ---
[2026-08-17 05:31:41 UTC]     Gen 1 | Score: 8/10 | Verifier: PASS
[2026-08-17 05:31:46 UTC]     Gen 2 | Score: 9/10 | Verifier: PASS
[2026-08-17 05:31:46 UTC]     Target score 9 reached! Moving on.
[2026-08-17 05:31:53 UTC] --- [Sweep 1] T-205: implement_tool ---
[2026-08-17 05:31:55 UTC]     Gen 1 | Score: 9/10 | Verifier: PASS
[2026-08-17 05:31:55 UTC]     Target score 9 reached! Moving on.
[2026-08-17 05:32:02 UTC] --- [Sweep 1] T-206: implement_tool ---
[2026-08-17 05:32:04 UTC]     Gen 1 | Score: 8/10 | Verifier: PASS
[2026-08-17 05:32:07 UTC]     Gen 2 | Score: 9/10 | Verifier: PASS
[2026-08-17 05:32:07 UTC]     Target score 9 reached! Moving on.
[2026-08-17 05:32:14 UTC] --- [Sweep 1] T-207: implement_tool ---
[2026-08-17 05:32:16 UTC]     Gen 1 | Score: 9/10 | Verifier: PASS
[2026-08-17 05:32:16 UTC]     Target score 9 reached! Moving on.
[2026-08-17 05:32:23 UTC] --- [Sweep 1] T-208: implement_tool ---
[2026-08-17 05:32:26 UTC]     Gen 1 | Score: 9/10 | Verifier: PASS
[2026-08-17 05:32:26 UTC]     Target score 9 reached! Moving on.
[2026-08-17 05:32:33 UTC] --- [Sweep 1] T-209: implement_tool ---
[2026-08-17 05:32:34 UTC]     Gen 1 | Score: 9/10 | Verifier: PASS
[2026-08-17 05:32:34 UTC]     Target score 9 reached! Moving on.
[2026-08-17 05:32:41 UTC] --- [Sweep 1] T-210: implement_tool ---
[2026-08-17 05:32:44 UTC]     Gen 1 | Score: 9/10 | Verifier: PASS
[2026-08-17 05:32:44 UTC]     Target score 9 reached! Moving on.
[2026-08-17 05:32:51 UTC] --- [Sweep 1] T-211: implement_tool ---
[2026-08-17 05:32:53 UTC]     Gen 1 | Score: 9/10 | Verifier: PASS
[2026-08-17 05:32:53 UTC]     Target score 9 reached! Moving on.
[2026-08-17 05:33:00 UTC] --- [Sweep 1] T-212: implement_tool ---
[2026-08-17 05:33:03 UTC]     Gen 1 | Score: 9/10 | Verifier: PASS
[2026-08-17 05:33:03 UTC]     Target score 9 reached! Moving on.
[2026-08-17 05:33:10 UTC] --- [Sweep 1] T-213: generate_sql ---
[2026-08-17 05:33:13 UTC]     Gen 1 | Score: 9/10 | Verifier: PASS
[2026-08-17 05:33:13 UTC]     Target score 9 reached! Moving on.
[2026-08-17 05:33:20 UTC] --- [Sweep 1] T-214: implement_tool ---
[2026-08-17 05:33:22 UTC]     Gen 1 | Score: 10/10 | Verifier: PASS
[2026-08-17 05:33:22 UTC]     Target score 9 reached! Moving on.
[2026-08-17 05:33:29 UTC] --- [Sweep 1] T-215: implement_tool ---
[2026-08-17 05:33:31 UTC]     Gen 1 | Score: 2/10 | Verifier: FAIL
[2026-08-17 05:33:34 UTC]     Gen 2 | Score: 3/10 | Verifier: FAIL
[2026-08-17 05:33:38 UTC]     Gen 3 | Score: 3/10 | Verifier: FAIL
[2026-08-17 05:33:43 UTC]     Gen 4 | Score: 3/10 | Verifier: FAIL
[2026-08-17 05:33:47 UTC]     Gen 5 | Score: 3/10 | Verifier: FAIL
[2026-08-17 05:33:54 UTC] ========== STARTING SWEEP 2/2 ==========
[2026-08-17 05:33:54 UTC] --- [Sweep 2] T-215: implement_tool ---
[2026-08-17 05:33:56 UTC]     Gen 1 | Score: 2/10 | Verifier: FAIL
[2026-08-17 05:34:01 UTC]     Gen 2 | Score: 3/10 | Verifier: FAIL
[2026-08-17 05:34:03 UTC]     Gen 3 | Score: 3/10 | Verifier: FAIL
[2026-08-17 05:34:04 UTC]     Rate limit. Sleeping 60s...
[2026-08-17 05:35:07 UTC]     Gen 4 | Score: 2/10 | Verifier: FAIL
[2026-08-17 05:35:11 UTC]     Gen 5 | Score: 3/10 | Verifier: FAIL
[2026-08-17 05:35:18 UTC] === SAVING BEST OUTPUTS ===
[2026-08-17 05:35:18 UTC]   T-201: Final Score 10/10 | passed
[2026-08-17 05:35:18 UTC]   T-202: Final Score 9/10 | passed
[2026-08-17 05:35:18 UTC]   T-203: Final Score 9/10 | passed
[2026-08-17 05:35:19 UTC]   T-204: Final Score 9/10 | passed
[2026-08-17 05:35:19 UTC]   T-205: Final Score 9/10 | passed
[2026-08-17 05:35:19 UTC]   T-206: Final Score 9/10 | passed
[2026-08-17 05:35:19 UTC]   T-207: Final Score 9/10 | passed
[2026-08-17 05:35:19 UTC]   T-208: Final Score 9/10 | passed
[2026-08-17 05:35:19 UTC]   T-209: Final Score 9/10 | passed
[2026-08-17 05:35:19 UTC]   T-210: Final Score 9/10 | passed
[2026-08-17 05:35:19 UTC]   T-211: Final Score 9/10 | passed
[2026-08-17 05:35:19 UTC]   T-212: Final Score 9/10 | passed
[2026-08-17 05:35:19 UTC]   T-213: Final Score 9/10 | passed
[2026-08-17 05:35:19 UTC]   T-214: Final Score 10/10 | passed
[2026-08-17 05:35:19 UTC]   T-215: Final Score 3/10 | failed
[2026-08-17 05:35:19 UTC] === LOOP COMPLETE === API Calls Used: 39/850
[2026-08-17 05:37:50 UTC] === ITERATIVE LOOP v3 (SLEEP-SAFE) START ===
[2026-08-17 05:37:50 UTC] ========== STARTING SWEEP 1/2 ==========
[2026-08-17 05:37:50 UTC] --- [Sweep 1] T-201: implement_tool ---
[2026-08-17 05:37:52 UTC]     Gen 1 | Score: 10/10 | Verifier: PASS
[2026-08-17 05:37:52 UTC]     Target score 9 reached! Moving on.
[2026-08-17 05:37:59 UTC] --- [Sweep 1] T-202: implement_tool ---
[2026-08-17 05:38:01 UTC]     Gen 1 | Score: 9/10 | Verifier: PASS
[2026-08-17 05:38:01 UTC]     Target score 9 reached! Moving on.
[2026-08-17 05:38:08 UTC] --- [Sweep 1] T-203: implement_tool ---
[2026-08-17 05:38:09 UTC]     Gen 1 | Score: 8/10 | Verifier: PASS
[2026-08-17 05:38:13 UTC]     Gen 2 | Score: 9/10 | Verifier: PASS
[2026-08-17 05:38:13 UTC]     Target score 9 reached! Moving on.
[2026-08-17 05:38:20 UTC] --- [Sweep 1] T-204: implement_tool ---
[2026-08-17 05:38:23 UTC]     Gen 1 | Score: 8/10 | Verifier: PASS
[2026-08-17 05:38:26 UTC]     Gen 2 | Score: 9/10 | Verifier: PASS
[2026-08-17 05:38:26 UTC]     Target score 9 reached! Moving on.
[2026-08-17 05:38:34 UTC] --- [Sweep 1] T-205: implement_tool ---
[2026-08-17 05:38:36 UTC]     Gen 1 | Score: 10/10 | Verifier: PASS
[2026-08-17 05:38:36 UTC]     Target score 9 reached! Moving on.
[2026-08-17 05:38:43 UTC] --- [Sweep 1] T-206: implement_tool ---
[2026-08-17 05:38:45 UTC]     Gen 1 | Score: 8/10 | Verifier: PASS
[2026-08-17 05:38:47 UTC]     Gen 2 | Score: 8/10 | Verifier: PASS
[2026-08-17 05:38:51 UTC]     Gen 3 | Score: 8/10 | Verifier: PASS
[2026-08-17 05:38:54 UTC]     Gen 4 | Score: 9/10 | Verifier: PASS
[2026-08-17 05:38:54 UTC]     Target score 9 reached! Moving on.
[2026-08-17 05:39:01 UTC] --- [Sweep 1] T-207: implement_tool ---
[2026-08-17 05:39:01 UTC]     Rate limit. Sleeping 60s...
[2026-08-17 05:40:04 UTC]     Gen 1 | Score: 9/10 | Verifier: PASS
[2026-08-17 05:40:04 UTC]     Target score 9 reached! Moving on.
[2026-08-17 05:40:11 UTC] --- [Sweep 1] T-208: implement_tool ---
[2026-08-17 05:40:13 UTC]     Gen 1 | Score: 10/10 | Verifier: PASS
[2026-08-17 05:40:13 UTC]     Target score 9 reached! Moving on.
[2026-08-17 05:40:20 UTC] --- [Sweep 1] T-209: implement_tool ---
[2026-08-17 05:40:22 UTC]     Gen 1 | Score: 9/10 | Verifier: PASS
[2026-08-17 05:40:22 UTC]     Target score 9 reached! Moving on.
[2026-08-17 05:40:29 UTC] --- [Sweep 1] T-210: implement_tool ---
[2026-08-17 05:40:31 UTC]     Gen 1 | Score: 4/10 | Verifier: FAIL
[2026-08-17 05:40:35 UTC]     Gen 2 | Score: 9/10 | Verifier: PASS
[2026-08-17 05:40:35 UTC]     Target score 9 reached! Moving on.
[2026-08-17 05:40:42 UTC] --- [Sweep 1] T-211: implement_tool ---
[2026-08-17 05:40:45 UTC]     Gen 1 | Score: 10/10 | Verifier: PASS
[2026-08-17 05:40:45 UTC]     Target score 9 reached! Moving on.
[2026-08-17 05:40:52 UTC] --- [Sweep 1] T-212: implement_tool ---
[2026-08-17 05:40:54 UTC]     Gen 1 | Score: 9/10 | Verifier: PASS
[2026-08-17 05:40:54 UTC]     Target score 9 reached! Moving on.
[2026-08-17 05:41:01 UTC] --- [Sweep 1] T-213: generate_sql ---
[2026-08-17 05:41:04 UTC]     Gen 1 | Score: 9/10 | Verifier: PASS
[2026-08-17 05:41:04 UTC]     Target score 9 reached! Moving on.
[2026-08-17 05:41:11 UTC] --- [Sweep 1] T-214: implement_tool ---
[2026-08-17 05:41:13 UTC]     Gen 1 | Score: 10/10 | Verifier: PASS
[2026-08-17 05:41:13 UTC]     Target score 9 reached! Moving on.
[2026-08-17 05:41:20 UTC] --- [Sweep 1] T-215: implement_tool ---
[2026-08-17 05:41:22 UTC]     Gen 1 | Score: 3/10 | Verifier: FAIL
[2026-08-17 05:41:26 UTC]     Gen 2 | Score: 3/10 | Verifier: FAIL
[2026-08-17 05:41:30 UTC]     Gen 3 | Score: 3/10 | Verifier: FAIL
[2026-08-17 05:41:33 UTC]     Gen 4 | Score: 3/10 | Verifier: FAIL
[2026-08-17 05:41:37 UTC]     Gen 5 | Score: 3/10 | Verifier: FAIL
[2026-08-17 05:41:44 UTC] ========== STARTING SWEEP 2/2 ==========
[2026-08-17 05:41:44 UTC] --- [Sweep 2] T-215: implement_tool ---
[2026-08-17 05:41:46 UTC]     Gen 1 | Score: 2/10 | Verifier: FAIL
[2026-08-17 05:41:49 UTC]     Gen 2 | Score: 3/10 | Verifier: FAIL
[2026-08-17 05:41:53 UTC]     Gen 3 | Score: 3/10 | Verifier: FAIL
[2026-08-17 05:41:56 UTC]     Gen 4 | Score: 2/10 | Verifier: FAIL
[2026-08-17 05:41:56 UTC]     Rate limit. Sleeping 60s...
[2026-08-17 05:42:59 UTC]     Gen 5 | Score: 2/10 | Verifier: FAIL
[2026-08-17 05:43:06 UTC] === SAVING BEST OUTPUTS ===
[2026-08-17 05:43:06 UTC]   T-201: Final Score 10/10 | passed
[2026-08-17 05:43:06 UTC]   T-202: Final Score 9/10 | passed
[2026-08-17 05:43:06 UTC]   T-203: Final Score 9/10 | passed
[2026-08-17 05:43:06 UTC]   T-204: Final Score 9/10 | passed
[2026-08-17 05:43:06 UTC]   T-205: Final Score 10/10 | passed
[2026-08-17 05:43:06 UTC]   T-206: Final Score 9/10 | passed
[2026-08-17 05:43:06 UTC]   T-207: Final Score 9/10 | passed
[2026-08-17 05:43:06 UTC]   T-208: Final Score 10/10 | passed
[2026-08-17 05:43:06 UTC]   T-209: Final Score 9/10 | passed
[2026-08-17 05:43:06 UTC]   T-210: Final Score 9/10 | passed
[2026-08-17 05:43:06 UTC]   T-211: Final Score 10/10 | passed
[2026-08-17 05:43:06 UTC]   T-212: Final Score 9/10 | passed
[2026-08-17 05:43:06 UTC]   T-213: Final Score 9/10 | passed
[2026-08-17 05:43:06 UTC]   T-214: Final Score 10/10 | passed
[2026-08-17 05:43:06 UTC]   T-215: Final Score 3/10 | failed
[2026-08-17 05:43:06 UTC] === LOOP COMPLETE === API Calls Used: 46/850
[2026-08-17 05:50:57 UTC] === ITERATIVE LOOP v3 (SLEEP-SAFE) START ===
[2026-08-17 05:50:57 UTC] ========== STARTING SWEEP 1/2 ==========
[2026-08-17 05:50:57 UTC] --- [Sweep 1] T-201: implement_tool ---
[2026-08-17 05:50:59 UTC]     Gen 1 | Score: 10/10 | Verifier: PASS
[2026-08-17 05:50:59 UTC]     Target score 9 reached! Moving on.
[2026-08-17 05:51:06 UTC] --- [Sweep 1] T-202: implement_tool ---
[2026-08-17 05:51:08 UTC]     Gen 1 | Score: 9/10 | Verifier: PASS
[2026-08-17 05:51:08 UTC]     Target score 9 reached! Moving on.
[2026-08-17 05:51:15 UTC] --- [Sweep 1] T-203: implement_tool ---
[2026-08-17 05:51:18 UTC]     Gen 1 | Score: 9/10 | Verifier: PASS
[2026-08-17 05:51:18 UTC]     Target score 9 reached! Moving on.
[2026-08-17 05:51:25 UTC] --- [Sweep 1] T-204: implement_tool ---
[2026-08-17 05:51:28 UTC]     Gen 1 | Score: 8/10 | Verifier: PASS
[2026-08-17 05:51:33 UTC]     Gen 2 | Score: 9/10 | Verifier: PASS
[2026-08-17 05:51:33 UTC]     Target score 9 reached! Moving on.
[2026-08-17 05:51:40 UTC] --- [Sweep 1] T-205: implement_tool ---
[2026-08-17 05:51:42 UTC]     Gen 1 | Score: 9/10 | Verifier: PASS
[2026-08-17 05:51:42 UTC]     Target score 9 reached! Moving on.
[2026-08-17 05:51:49 UTC] --- [Sweep 1] T-206: implement_tool ---
[2026-08-17 05:51:51 UTC]     Gen 1 | Score: 9/10 | Verifier: PASS
[2026-08-17 05:51:51 UTC]     Target score 9 reached! Moving on.
[2026-08-17 05:51:58 UTC] --- [Sweep 1] T-207: implement_tool ---
[2026-08-17 05:52:00 UTC]     Gen 1 | Score: 9/10 | Verifier: PASS
[2026-08-17 05:52:00 UTC]     Target score 9 reached! Moving on.
[2026-08-17 05:52:07 UTC] --- [Sweep 1] T-208: implement_tool ---
[2026-08-17 05:52:10 UTC]     Gen 1 | Score: 10/10 | Verifier: PASS
[2026-08-17 05:52:10 UTC]     Target score 9 reached! Moving on.
[2026-08-17 05:52:17 UTC] --- [Sweep 1] T-209: implement_tool ---
[2026-08-17 05:52:18 UTC]     Gen 1 | Score: 9/10 | Verifier: PASS
[2026-08-17 05:52:18 UTC]     Target score 9 reached! Moving on.
[2026-08-17 05:52:25 UTC] --- [Sweep 1] T-210: implement_tool ---
[2026-08-17 05:52:28 UTC]     Gen 1 | Score: 4/10 | Verifier: FAIL
[2026-08-17 05:52:31 UTC]     Gen 2 | Score: 9/10 | Verifier: PASS
[2026-08-17 05:52:31 UTC]     Target score 9 reached! Moving on.
[2026-08-17 05:52:38 UTC] --- [Sweep 1] T-211: implement_tool ---
[2026-08-17 05:55:18 UTC] === ITERATIVE LOOP v3 (SLEEP-SAFE) START ===
[2026-08-17 05:55:18 UTC] ========== STARTING SWEEP 1/2 ==========
[2026-08-17 05:55:18 UTC] --- [Sweep 1] T-201: implement_tool ---
[2026-08-17 05:55:21 UTC]     Gen 1 | Score: 10/10 | Verifier: PASS
[2026-08-17 05:55:21 UTC]     Target score 9 reached! Moving on.
[2026-08-17 05:55:28 UTC] --- [Sweep 1] T-202: implement_tool ---
[2026-08-17 05:55:29 UTC]     Gen 1 | Score: 9/10 | Verifier: PASS
[2026-08-17 05:55:29 UTC]     Target score 9 reached! Moving on.
[2026-08-17 05:55:36 UTC] --- [Sweep 1] T-203: implement_tool ---
[2026-08-17 05:55:38 UTC]     Gen 1 | Score: 9/10 | Verifier: PASS
[2026-08-17 05:55:38 UTC]     Target score 9 reached! Moving on.
[2026-08-17 05:55:45 UTC] --- [Sweep 1] T-204: implement_tool ---
[2026-08-17 05:55:48 UTC]     Gen 1 | Score: 8/10 | Verifier: PASS
[2026-08-17 05:55:52 UTC]     Gen 2 | Score: 9/10 | Verifier: PASS
[2026-08-17 05:55:52 UTC]     Target score 9 reached! Moving on.
[2026-08-17 05:55:59 UTC] --- [Sweep 1] T-205: implement_tool ---
[2026-08-17 05:56:01 UTC]     Gen 1 | Score: 9/10 | Verifier: PASS
[2026-08-17 05:56:01 UTC]     Target score 9 reached! Moving on.
[2026-08-17 05:56:08 UTC] --- [Sweep 1] T-206: implement_tool ---
[2026-08-17 05:56:10 UTC]     Gen 1 | Score: 8/10 | Verifier: PASS
[2026-08-17 05:56:14 UTC]     Gen 2 | Score: 9/10 | Verifier: PASS
[2026-08-17 05:56:14 UTC]     Target score 9 reached! Moving on.
[2026-08-17 05:56:21 UTC] --- [Sweep 1] T-207: implement_tool ---
[2026-08-17 05:56:23 UTC]     Gen 1 | Score: 9/10 | Verifier: PASS
[2026-08-17 05:56:23 UTC]     Target score 9 reached! Moving on.
[2026-08-17 05:56:30 UTC] --- [Sweep 1] T-208: implement_tool ---
[2026-08-17 05:56:33 UTC]     Gen 1 | Score: 10/10 | Verifier: PASS
[2026-08-17 05:56:33 UTC]     Target score 9 reached! Moving on.
[2026-08-17 05:56:40 UTC] --- [Sweep 1] T-209: implement_tool ---
[2026-08-17 05:56:42 UTC]     Gen 1 | Score: 9/10 | Verifier: PASS
[2026-08-17 05:56:42 UTC]     Target score 9 reached! Moving on.
[2026-08-17 05:56:49 UTC] --- [Sweep 1] T-210: implement_tool ---
[2026-08-17 05:56:51 UTC]     Gen 1 | Score: 3/10 | Verifier: FAIL
[2026-08-17 05:56:55 UTC]     Gen 2 | Score: 9/10 | Verifier: PASS
[2026-08-17 05:56:55 UTC]     Target score 9 reached! Moving on.
[2026-08-17 05:57:02 UTC] --- [Sweep 1] T-211: implement_tool ---
[2026-08-17 05:57:05 UTC]     Gen 1 | Score: 9/10 | Verifier: PASS
[2026-08-17 05:57:05 UTC]     Target score 9 reached! Moving on.
[2026-08-17 05:57:12 UTC] --- [Sweep 1] T-212: implement_tool ---
[2026-08-17 05:57:17 UTC]     Gen 1 | Score: 9/10 | Verifier: PASS
[2026-08-17 05:57:17 UTC]     Target score 9 reached! Moving on.
[2026-08-17 05:57:24 UTC] --- [Sweep 1] T-213: generate_sql ---
[2026-08-17 05:57:28 UTC]     Gen 1 | Score: 9/10 | Verifier: PASS
[2026-08-17 05:57:28 UTC]     Target score 9 reached! Moving on.
[2026-08-17 05:57:35 UTC] --- [Sweep 1] T-214: implement_tool ---
[2026-08-17 05:57:37 UTC]     Gen 1 | Score: 9/10 | Verifier: PASS
[2026-08-17 05:57:37 UTC]     Target score 9 reached! Moving on.
[2026-08-17 05:57:44 UTC] --- [Sweep 1] T-215: implement_tool ---
[2026-08-17 05:57:47 UTC]     Gen 1 | Score: 10/10 | Verifier: PASS
[2026-08-17 05:57:47 UTC]     Target score 9 reached! Moving on.
[2026-08-17 05:57:54 UTC] ========== STARTING SWEEP 2/2 ==========
[2026-08-17 05:57:54 UTC] === SAVING BEST OUTPUTS ===
[2026-08-17 05:57:54 UTC]   T-201: Final Score 10/10 | passed
[2026-08-17 05:57:54 UTC]   T-202: Final Score 9/10 | passed
[2026-08-17 05:57:54 UTC]   T-203: Final Score 9/10 | passed
[2026-08-17 05:57:54 UTC]   T-204: Final Score 9/10 | passed
[2026-08-17 05:57:54 UTC]   T-205: Final Score 9/10 | passed
[2026-08-17 05:57:54 UTC]   T-206: Final Score 9/10 | passed
[2026-08-17 05:57:54 UTC]   T-207: Final Score 9/10 | passed
[2026-08-17 05:57:54 UTC]   T-208: Final Score 10/10 | passed
[2026-08-17 05:57:54 UTC]   T-209: Final Score 9/10 | passed
[2026-08-17 05:57:54 UTC]   T-210: Final Score 9/10 | passed
[2026-08-17 05:57:54 UTC]   T-211: Final Score 9/10 | passed
[2026-08-17 05:57:54 UTC]   T-212: Final Score 9/10 | passed
[2026-08-17 05:57:54 UTC]   T-213: Final Score 9/10 | passed
[2026-08-17 05:57:54 UTC]   T-214: Final Score 9/10 | passed
[2026-08-17 05:57:54 UTC]   T-215: Final Score 10/10 | passed
[2026-08-17 05:57:54 UTC] === LOOP COMPLETE === API Calls Used: 21/850
[2026-08-17 14:05:32 UTC] === ITERATIVE LOOP v3 (SLEEP-SAFE) START ===
[2026-08-17 14:05:32 UTC] ========== STARTING SWEEP 1/2 ==========
[2026-08-17 14:05:32 UTC] --- [Sweep 1] T-301: implement_tool ---
[2026-08-17 14:05:32 UTC]     API Error: HTTP_400: {
  "error": {
    "code": 400,
    "message": "API key not valid. Please pass a valid API key.",
    "status": "INVALID_ARGUMENT",
    "details": [
      {
        "@type": "type.googleapis.com/google.rpc.ErrorInfo",
        "reason": "API_KEY_INVALID",
        "domain": "googleapis.com",
        "metadata": {
          "service": "generativelanguage.googleapis.com"
        }
      },
      {
        "@type": "type.googleapis.com/google.rpc.LocalizedMessage",
        "locale": "en-US",
        "message": "API key not valid. Please pass a valid API key."
      }
    ]
  }
}

[2026-08-17 14:05:42 UTC]     API Error: HTTP_400: {
  "error": {
    "code": 400,
    "message": "API key not valid. Please pass a valid API key.",
    "status": "INVALID_ARGUMENT",
    "details": [
      {
        "@type": "type.googleapis.com/google.rpc.ErrorInfo",
        "reason": "API_KEY_INVALID",
        "domain": "googleapis.com",
        "metadata": {
          "service": "generativelanguage.googleapis.com"
        }
      },
      {
        "@type": "type.googleapis.com/google.rpc.LocalizedMessage",
        "locale": "en-US",
        "message": "API key not valid. Please pass a valid API key."
      }
    ]
  }
}

[2026-08-17 14:05:52 UTC]     API Error: HTTP_400: {
  "error": {
    "code": 400,
    "message": "API key not valid. Please pass a valid API key.",
    "status": "INVALID_ARGUMENT",
    "details": [
      {
        "@type": "type.googleapis.com/google.rpc.ErrorInfo",
        "reason": "API_KEY_INVALID",
        "domain": "googleapis.com",
        "metadata": {
          "service": "generativelanguage.googleapis.com"
        }
      },
      {
        "@type": "type.googleapis.com/google.rpc.LocalizedMessage",
        "locale": "en-US",
        "message": "API key not valid. Please pass a valid API key."
      }
    ]
  }
}

[2026-08-17 14:06:09 UTC] --- [Sweep 1] T-302: implement_tool ---
[2026-08-17 14:06:10 UTC]     API Error: HTTP_400: {
  "error": {
    "code": 400,
    "message": "API key not valid. Please pass a valid API key.",
    "status": "INVALID_ARGUMENT",
    "details": [
      {
        "@type": "type.googleapis.com/google.rpc.ErrorInfo",
        "reason": "API_KEY_INVALID",
        "domain": "googleapis.com",
        "metadata": {
          "service": "generativelanguage.googleapis.com"
        }
      },
      {
        "@type": "type.googleapis.com/google.rpc.LocalizedMessage",
        "locale": "en-US",
        "message": "API key not valid. Please pass a valid API key."
      }
    ]
  }
}

[2026-08-17 14:06:20 UTC]     API Error: HTTP_400: {
  "error": {
    "code": 400,
    "message": "API key not valid. Please pass a valid API key.",
    "status": "INVALID_ARGUMENT",
    "details": [
      {
        "@type": "type.googleapis.com/google.rpc.ErrorInfo",
        "reason": "API_KEY_INVALID",
        "domain": "googleapis.com",
        "metadata": {
          "service": "generativelanguage.googleapis.com"
        }
      },
      {
        "@type": "type.googleapis.com/google.rpc.LocalizedMessage",
        "locale": "en-US",
        "message": "API key not valid. Please pass a valid API key."
      }
    ]
  }
}

[2026-08-17 14:06:30 UTC]     API Error: HTTP_400: {
  "error": {
    "code": 400,
    "message": "API key not valid. Please pass a valid API key.",
    "status": "INVALID_ARGUMENT",
    "details": [
      {
        "@type": "type.googleapis.com/google.rpc.ErrorInfo",
        "reason": "API_KEY_INVALID",
        "domain": "googleapis.com",
        "metadata": {
          "service": "generativelanguage.googleapis.com"
        }
      },
      {
        "@type": "type.googleapis.com/google.rpc.LocalizedMessage",
        "locale": "en-US",
        "message": "API key not valid. Please pass a valid API key."
      }
    ]
  }
}

[2026-08-17 14:06:47 UTC] --- [Sweep 1] T-303: implement_tool ---
[2026-08-17 14:06:47 UTC]     API Error: HTTP_400: {
  "error": {
    "code": 400,
    "message": "API key not valid. Please pass a valid API key.",
    "status": "INVALID_ARGUMENT",
    "details": [
      {
        "@type": "type.googleapis.com/google.rpc.ErrorInfo",
        "reason": "API_KEY_INVALID",
        "domain": "googleapis.com",
        "metadata": {
          "service": "generativelanguage.googleapis.com"
        }
      },
      {
        "@type": "type.googleapis.com/google.rpc.LocalizedMessage",
        "locale": "en-US",
        "message": "API key not valid. Please pass a valid API key."
      }
    ]
  }
}

[2026-08-17 14:06:57 UTC]     API Error: HTTP_400: {
  "error": {
    "code": 400,
    "message": "API key not valid. Please pass a valid API key.",
    "status": "INVALID_ARGUMENT",
    "details": [
      {
        "@type": "type.googleapis.com/google.rpc.ErrorInfo",
        "reason": "API_KEY_INVALID",
        "domain": "googleapis.com",
        "metadata": {
          "service": "generativelanguage.googleapis.com"
        }
      },
      {
        "@type": "type.googleapis.com/google.rpc.LocalizedMessage",
        "locale": "en-US",
        "message": "API key not valid. Please pass a valid API key."
      }
    ]
  }
}

[2026-08-17 14:07:08 UTC]     API Error: HTTP_400: {
  "error": {
    "code": 400,
    "message": "API key not valid. Please pass a valid API key.",
    "status": "INVALID_ARGUMENT",
    "details": [
      {
        "@type": "type.googleapis.com/google.rpc.ErrorInfo",
        "reason": "API_KEY_INVALID",
        "domain": "googleapis.com",
        "metadata": {
          "service": "generativelanguage.googleapis.com"
        }
      },
      {
        "@type": "type.googleapis.com/google.rpc.LocalizedMessage",
        "locale": "en-US",
        "message": "API key not valid. Please pass a valid API key."
      }
    ]
  }
}

[2026-08-17 14:07:25 UTC] --- [Sweep 1] T-304: implement_tool ---
[2026-08-17 14:07:25 UTC]     API Error: HTTP_400: {
  "error": {
    "code": 400,
    "message": "API key not valid. Please pass a valid API key.",
    "status": "INVALID_ARGUMENT",
    "details": [
      {
        "@type": "type.googleapis.com/google.rpc.ErrorInfo",
        "reason": "API_KEY_INVALID",
        "domain": "googleapis.com",
        "metadata": {
          "service": "generativelanguage.googleapis.com"
        }
      },
      {
        "@type": "type.googleapis.com/google.rpc.LocalizedMessage",
        "locale": "en-US",
        "message": "API key not valid. Please pass a valid API key."
      }
    ]
  }
}

[2026-08-17 14:07:35 UTC]     API Error: HTTP_400: {
  "error": {
    "code": 400,
    "message": "API key not valid. Please pass a valid API key.",
    "status": "INVALID_ARGUMENT",
    "details": [
      {
        "@type": "type.googleapis.com/google.rpc.ErrorInfo",
        "reason": "API_KEY_INVALID",
        "domain": "googleapis.com",
        "metadata": {
          "service": "generativelanguage.googleapis.com"
        }
      },
      {
        "@type": "type.googleapis.com/google.rpc.LocalizedMessage",
        "locale": "en-US",
        "message": "API key not valid. Please pass a valid API key."
      }
    ]
  }
}

[2026-08-17 14:07:45 UTC]     API Error: HTTP_400: {
  "error": {
    "code": 400,
    "message": "API key not valid. Please pass a valid API key.",
    "status": "INVALID_ARGUMENT",
    "details": [
      {
        "@type": "type.googleapis.com/google.rpc.ErrorInfo",
        "reason": "API_KEY_INVALID",
        "domain": "googleapis.com",
        "metadata": {
          "service": "generativelanguage.googleapis.com"
        }
      },
      {
        "@type": "type.googleapis.com/google.rpc.LocalizedMessage",
        "locale": "en-US",
        "message": "API key not valid. Please pass a valid API key."
      }
    ]
  }
}

[2026-08-17 14:08:02 UTC] --- [Sweep 1] T-305: implement_tool ---
[2026-08-17 14:08:02 UTC]     API Error: HTTP_400: {
  "error": {
    "code": 400,
    "message": "API key not valid. Please pass a valid API key.",
    "status": "INVALID_ARGUMENT",
    "details": [
      {
        "@type": "type.googleapis.com/google.rpc.ErrorInfo",
        "reason": "API_KEY_INVALID",
        "domain": "googleapis.com",
        "metadata": {
          "service": "generativelanguage.googleapis.com"
        }
      },
      {
        "@type": "type.googleapis.com/google.rpc.LocalizedMessage",
        "locale": "en-US",
        "message": "API key not valid. Please pass a valid API key."
      }
    ]
  }
}

[2026-08-17 14:08:13 UTC]     API Error: HTTP_400: {
  "error": {
    "code": 400,
    "message": "API key not valid. Please pass a valid API key.",
    "status": "INVALID_ARGUMENT",
    "details": [
      {
        "@type": "type.googleapis.com/google.rpc.ErrorInfo",
        "reason": "API_KEY_INVALID",
        "domain": "googleapis.com",
        "metadata": {
          "service": "generativelanguage.googleapis.com"
        }
      },
      {
        "@type": "type.googleapis.com/google.rpc.LocalizedMessage",
        "locale": "en-US",
        "message": "API key not valid. Please pass a valid API key."
      }
    ]
  }
}

[2026-08-17 14:08:23 UTC]     API Error: HTTP_400: {
  "error": {
    "code": 400,
    "message": "API key not valid. Please pass a valid API key.",
    "status": "INVALID_ARGUMENT",
    "details": [
      {
        "@type": "type.googleapis.com/google.rpc.ErrorInfo",
        "reason": "API_KEY_INVALID",
        "domain": "googleapis.com",
        "metadata": {
          "service": "generativelanguage.googleapis.com"
        }
      },
      {
        "@type": "type.googleapis.com/google.rpc.LocalizedMessage",
        "locale": "en-US",
        "message": "API key not valid. Please pass a valid API key."
      }
    ]
  }
}

[2026-08-17 14:08:40 UTC] --- [Sweep 1] T-306: implement_tool ---
[2026-08-17 14:08:40 UTC]     API Error: HTTP_400: {
  "error": {
    "code": 400,
    "message": "API key not valid. Please pass a valid API key.",
    "status": "INVALID_ARGUMENT",
    "details": [
      {
        "@type": "type.googleapis.com/google.rpc.ErrorInfo",
        "reason": "API_KEY_INVALID",
        "domain": "googleapis.com",
        "metadata": {
          "service": "generativelanguage.googleapis.com"
        }
      },
      {
        "@type": "type.googleapis.com/google.rpc.LocalizedMessage",
        "locale": "en-US",
        "message": "API key not valid. Please pass a valid API key."
      }
    ]
  }
}

[2026-08-17 14:08:51 UTC]     API Error: HTTP_400: {
  "error": {
    "code": 400,
    "message": "API key not valid. Please pass a valid API key.",
    "status": "INVALID_ARGUMENT",
    "details": [
      {
        "@type": "type.googleapis.com/google.rpc.ErrorInfo",
        "reason": "API_KEY_INVALID",
        "domain": "googleapis.com",
        "metadata": {
          "service": "generativelanguage.googleapis.com"
        }
      },
      {
        "@type": "type.googleapis.com/google.rpc.LocalizedMessage",
        "locale": "en-US",
        "message": "API key not valid. Please pass a valid API key."
      }
    ]
  }
}

[2026-08-17 14:09:01 UTC]     API Error: HTTP_400: {
  "error": {
    "code": 400,
    "message": "API key not valid. Please pass a valid API key.",
    "status": "INVALID_ARGUMENT",
    "details": [
      {
        "@type": "type.googleapis.com/google.rpc.ErrorInfo",
        "reason": "API_KEY_INVALID",
        "domain": "googleapis.com",
        "metadata": {
          "service": "generativelanguage.googleapis.com"
        }
      },
      {
        "@type": "type.googleapis.com/google.rpc.LocalizedMessage",
        "locale": "en-US",
        "message": "API key not valid. Please pass a valid API key."
      }
    ]
  }
}

[2026-08-17 14:09:18 UTC] --- [Sweep 1] T-307: implement_tool ---
[2026-08-17 14:09:18 UTC]     API Error: HTTP_400: {
  "error": {
    "code": 400,
    "message": "API key not valid. Please pass a valid API key.",
    "status": "INVALID_ARGUMENT",
    "details": [
      {
        "@type": "type.googleapis.com/google.rpc.ErrorInfo",
        "reason": "API_KEY_INVALID",
        "domain": "googleapis.com",
        "metadata": {
          "service": "generativelanguage.googleapis.com"
        }
      },
      {
        "@type": "type.googleapis.com/google.rpc.LocalizedMessage",
        "locale": "en-US",
        "message": "API key not valid. Please pass a valid API key."
      }
    ]
  }
}

[2026-08-17 14:09:28 UTC]     API Error: HTTP_400: {
  "error": {
    "code": 400,
    "message": "API key not valid. Please pass a valid API key.",
    "status": "INVALID_ARGUMENT",
    "details": [
      {
        "@type": "type.googleapis.com/google.rpc.ErrorInfo",
        "reason": "API_KEY_INVALID",
        "domain": "googleapis.com",
        "metadata": {
          "service": "generativelanguage.googleapis.com"
        }
      },
      {
        "@type": "type.googleapis.com/google.rpc.LocalizedMessage",
        "locale": "en-US",
        "message": "API key not valid. Please pass a valid API key."
      }
    ]
  }
}

[2026-08-17 14:09:39 UTC]     API Error: HTTP_400: {
  "error": {
    "code": 400,
    "message": "API key not valid. Please pass a valid API key.",
    "status": "INVALID_ARGUMENT",
    "details": [
      {
        "@type": "type.googleapis.com/google.rpc.ErrorInfo",
        "reason": "API_KEY_INVALID",
        "domain": "googleapis.com",
        "metadata": {
          "service": "generativelanguage.googleapis.com"
        }
      },
      {
        "@type": "type.googleapis.com/google.rpc.LocalizedMessage",
        "locale": "en-US",
        "message": "API key not valid. Please pass a valid API key."
      }
    ]
  }
}

[2026-08-17 14:09:56 UTC] --- [Sweep 1] T-308: generate_config ---
[2026-08-17 14:09:56 UTC]     API Error: HTTP_400: {
  "error": {
    "code": 400,
    "message": "API key not valid. Please pass a valid API key.",
    "status": "INVALID_ARGUMENT",
    "details": [
      {
        "@type": "type.googleapis.com/google.rpc.ErrorInfo",
        "reason": "API_KEY_INVALID",
        "domain": "googleapis.com",
        "metadata": {
          "service": "generativelanguage.googleapis.com"
        }
      },
      {
        "@type": "type.googleapis.com/google.rpc.LocalizedMessage",
        "locale": "en-US",
        "message": "API key not valid. Please pass a valid API key."
      }
    ]
  }
}

[2026-08-17 14:10:06 UTC]     API Error: HTTP_400: {
  "error": {
    "code": 400,
    "message": "API key not valid. Please pass a valid API key.",
    "status": "INVALID_ARGUMENT",
    "details": [
      {
        "@type": "type.googleapis.com/google.rpc.ErrorInfo",
        "reason": "API_KEY_INVALID",
        "domain": "googleapis.com",
        "metadata": {
          "service": "generativelanguage.googleapis.com"
        }
      },
      {
        "@type": "type.googleapis.com/google.rpc.LocalizedMessage",
        "locale": "en-US",
        "message": "API key not valid. Please pass a valid API key."
      }
    ]
  }
}

[2026-08-17 14:10:16 UTC]     API Error: HTTP_400: {
  "error": {
    "code": 400,
    "message": "API key not valid. Please pass a valid API key.",
    "status": "INVALID_ARGUMENT",
    "details": [
      {
        "@type": "type.googleapis.com/google.rpc.ErrorInfo",
        "reason": "API_KEY_INVALID",
        "domain": "googleapis.com",
        "metadata": {
          "service": "generativelanguage.googleapis.com"
        }
      },
      {
        "@type": "type.googleapis.com/google.rpc.LocalizedMessage",
        "locale": "en-US",
        "message": "API key not valid. Please pass a valid API key."
      }
    ]
  }
}

[2026-08-17 14:10:33 UTC] --- [Sweep 1] T-309: generate_config ---
[2026-08-17 14:10:34 UTC]     API Error: HTTP_400: {
  "error": {
    "code": 400,
    "message": "API key not valid. Please pass a valid API key.",
    "status": "INVALID_ARGUMENT",
    "details": [
      {
        "@type": "type.googleapis.com/google.rpc.ErrorInfo",
        "reason": "API_KEY_INVALID",
        "domain": "googleapis.com",
        "metadata": {
          "service": "generativelanguage.googleapis.com"
        }
      },
      {
        "@type": "type.googleapis.com/google.rpc.LocalizedMessage",
        "locale": "en-US",
        "message": "API key not valid. Please pass a valid API key."
      }
    ]
  }
}

[2026-08-17 14:10:44 UTC]     API Error: HTTP_400: {
  "error": {
    "code": 400,
    "message": "API key not valid. Please pass a valid API key.",
    "status": "INVALID_ARGUMENT",
    "details": [
      {
        "@type": "type.googleapis.com/google.rpc.ErrorInfo",
        "reason": "API_KEY_INVALID",
        "domain": "googleapis.com",
        "metadata": {
          "service": "generativelanguage.googleapis.com"
        }
      },
      {
        "@type": "type.googleapis.com/google.rpc.LocalizedMessage",
        "locale": "en-US",
        "message": "API key not valid. Please pass a valid API key."
      }
    ]
  }
}

[2026-08-17 14:10:54 UTC]     API Error: HTTP_400: {
  "error": {
    "code": 400,
    "message": "API key not valid. Please pass a valid API key.",
    "status": "INVALID_ARGUMENT",
    "details": [
      {
        "@type": "type.googleapis.com/google.rpc.ErrorInfo",
        "reason": "API_KEY_INVALID",
        "domain": "googleapis.com",
        "metadata": {
          "service": "generativelanguage.googleapis.com"
        }
      },
      {
        "@type": "type.googleapis.com/google.rpc.LocalizedMessage",
        "locale": "en-US",
        "message": "API key not valid. Please pass a valid API key."
      }
    ]
  }
}

[2026-08-17 14:11:11 UTC] --- [Sweep 1] T-310: generate_config ---
[2026-08-17 14:11:11 UTC]     API Error: HTTP_400: {
  "error": {
    "code": 400,
    "message": "API key not valid. Please pass a valid API key.",
    "status": "INVALID_ARGUMENT",
    "details": [
      {
        "@type": "type.googleapis.com/google.rpc.ErrorInfo",
        "reason": "API_KEY_INVALID",
        "domain": "googleapis.com",
        "metadata": {
          "service": "generativelanguage.googleapis.com"
        }
      },
      {
        "@type": "type.googleapis.com/google.rpc.LocalizedMessage",
        "locale": "en-US",
        "message": "API key not valid. Please pass a valid API key."
      }
    ]
  }
}

[2026-08-17 14:11:21 UTC]     API Error: HTTP_400: {
  "error": {
    "code": 400,
    "message": "API key not valid. Please pass a valid API key.",
    "status": "INVALID_ARGUMENT",
    "details": [
      {
        "@type": "type.googleapis.com/google.rpc.ErrorInfo",
        "reason": "API_KEY_INVALID",
        "domain": "googleapis.com",
        "metadata": {
          "service": "generativelanguage.googleapis.com"
        }
      },
      {
        "@type": "type.googleapis.com/google.rpc.LocalizedMessage",
        "locale": "en-US",
        "message": "API key not valid. Please pass a valid API key."
      }
    ]
  }
}

[2026-08-17 14:11:31 UTC]     API Error: HTTP_400: {
  "error": {
    "code": 400,
    "message": "API key not valid. Please pass a valid API key.",
    "status": "INVALID_ARGUMENT",
    "details": [
      {
        "@type": "type.googleapis.com/google.rpc.ErrorInfo",
        "reason": "API_KEY_INVALID",
        "domain": "googleapis.com",
        "metadata": {
          "service": "generativelanguage.googleapis.com"
        }
      },
      {
        "@type": "type.googleapis.com/google.rpc.LocalizedMessage",
        "locale": "en-US",
        "message": "API key not valid. Please pass a valid API key."
      }
    ]
  }
}

[2026-08-17 14:11:48 UTC] --- [Sweep 1] T-311: generate_config ---
[2026-08-17 14:11:49 UTC]     API Error: HTTP_400: {
  "error": {
    "code": 400,
    "message": "API key not valid. Please pass a valid API key.",
    "status": "INVALID_ARGUMENT",
    "details": [
      {
        "@type": "type.googleapis.com/google.rpc.ErrorInfo",
        "reason": "API_KEY_INVALID",
        "domain": "googleapis.com",
        "metadata": {
          "service": "generativelanguage.googleapis.com"
        }
      },
      {
        "@type": "type.googleapis.com/google.rpc.LocalizedMessage",
        "locale": "en-US",
        "message": "API key not valid. Please pass a valid API key."
      }
    ]
  }
}

[2026-08-17 14:11:59 UTC]     API Error: HTTP_400: {
  "error": {
    "code": 400,
    "message": "API key not valid. Please pass a valid API key.",
    "status": "INVALID_ARGUMENT",
    "details": [
      {
        "@type": "type.googleapis.com/google.rpc.ErrorInfo",
        "reason": "API_KEY_INVALID",
        "domain": "googleapis.com",
        "metadata": {
          "service": "generativelanguage.googleapis.com"
        }
      },
      {
        "@type": "type.googleapis.com/google.rpc.LocalizedMessage",
        "locale": "en-US",
        "message": "API key not valid. Please pass a valid API key."
      }
    ]
  }
}

[2026-08-17 14:12:09 UTC]     API Error: HTTP_400: {
  "error": {
    "code": 400,
    "message": "API key not valid. Please pass a valid API key.",
    "status": "INVALID_ARGUMENT",
    "details": [
      {
        "@type": "type.googleapis.com/google.rpc.ErrorInfo",
        "reason": "API_KEY_INVALID",
        "domain": "googleapis.com",
        "metadata": {
          "service": "generativelanguage.googleapis.com"
        }
      },
      {
        "@type": "type.googleapis.com/google.rpc.LocalizedMessage",
        "locale": "en-US",
        "message": "API key not valid. Please pass a valid API key."
      }
    ]
  }
}

[2026-08-17 14:12:26 UTC] --- [Sweep 1] T-312: expand_runbook ---
[2026-08-17 14:12:26 UTC]     API Error: HTTP_400: {
  "error": {
    "code": 400,
    "message": "API key not valid. Please pass a valid API key.",
    "status": "INVALID_ARGUMENT",
    "details": [
      {
        "@type": "type.googleapis.com/google.rpc.ErrorInfo",
        "reason": "API_KEY_INVALID",
        "domain": "googleapis.com",
        "metadata": {
          "service": "generativelanguage.googleapis.com"
        }
      },
      {
        "@type": "type.googleapis.com/google.rpc.LocalizedMessage",
        "locale": "en-US",
        "message": "API key not valid. Please pass a valid API key."
      }
    ]
  }
}

[2026-08-17 14:12:36 UTC]     API Error: HTTP_400: {
  "error": {
    "code": 400,
    "message": "API key not valid. Please pass a valid API key.",
    "status": "INVALID_ARGUMENT",
    "details": [
      {
        "@type": "type.googleapis.com/google.rpc.ErrorInfo",
        "reason": "API_KEY_INVALID",
        "domain": "googleapis.com",
        "metadata": {
          "service": "generativelanguage.googleapis.com"
        }
      },
      {
        "@type": "type.googleapis.com/google.rpc.LocalizedMessage",
        "locale": "en-US",
        "message": "API key not valid. Please pass a valid API key."
      }
    ]
  }
}

[2026-08-17 14:12:47 UTC]     API Error: HTTP_400: {
  "error": {
    "code": 400,
    "message": "API key not valid. Please pass a valid API key.",
    "status": "INVALID_ARGUMENT",
    "details": [
      {
        "@type": "type.googleapis.com/google.rpc.ErrorInfo",
        "reason": "API_KEY_INVALID",
        "domain": "googleapis.com",
        "metadata": {
          "service": "generativelanguage.googleapis.com"
        }
      },
      {
        "@type": "type.googleapis.com/google.rpc.LocalizedMessage",
        "locale": "en-US",
        "message": "API key not valid. Please pass a valid API key."
      }
    ]
  }
}

[2026-08-17 14:13:04 UTC] --- [Sweep 1] T-313: expand_runbook ---
[2026-08-17 14:13:04 UTC]     API Error: HTTP_400: {
  "error": {
    "code": 400,
    "message": "API key not valid. Please pass a valid API key.",
    "status": "INVALID_ARGUMENT",
    "details": [
      {
        "@type": "type.googleapis.com/google.rpc.ErrorInfo",
        "reason": "API_KEY_INVALID",
        "domain": "googleapis.com",
        "metadata": {
          "service": "generativelanguage.googleapis.com"
        }
      },
      {
        "@type": "type.googleapis.com/google.rpc.LocalizedMessage",
        "locale": "en-US",
        "message": "API key not valid. Please pass a valid API key."
      }
    ]
  }
}

[2026-08-17 14:13:14 UTC]     API Error: HTTP_400: {
  "error": {
    "code": 400,
    "message": "API key not valid. Please pass a valid API key.",
    "status": "INVALID_ARGUMENT",
    "details": [
      {
        "@type": "type.googleapis.com/google.rpc.ErrorInfo",
        "reason": "API_KEY_INVALID",
        "domain": "googleapis.com",
        "metadata": {
          "service": "generativelanguage.googleapis.com"
        }
      },
      {
        "@type": "type.googleapis.com/google.rpc.LocalizedMessage",
        "locale": "en-US",
        "message": "API key not valid. Please pass a valid API key."
      }
    ]
  }
}

[2026-08-17 14:13:24 UTC]     API Error: HTTP_400: {
  "error": {
    "code": 400,
    "message": "API key not valid. Please pass a valid API key.",
    "status": "INVALID_ARGUMENT",
    "details": [
      {
        "@type": "type.googleapis.com/google.rpc.ErrorInfo",
        "reason": "API_KEY_INVALID",
        "domain": "googleapis.com",
        "metadata": {
          "service": "generativelanguage.googleapis.com"
        }
      },
      {
        "@type": "type.googleapis.com/google.rpc.LocalizedMessage",
        "locale": "en-US",
        "message": "API key not valid. Please pass a valid API key."
      }
    ]
  }
}

[2026-08-17 14:13:41 UTC] --- [Sweep 1] T-314: implement_tool ---
[2026-08-17 14:13:41 UTC]     API Error: HTTP_400: {
  "error": {
    "code": 400,
    "message": "API key not valid. Please pass a valid API key.",
    "status": "INVALID_ARGUMENT",
    "details": [
      {
        "@type": "type.googleapis.com/google.rpc.ErrorInfo",
        "reason": "API_KEY_INVALID",
        "domain": "googleapis.com",
        "metadata": {
          "service": "generativelanguage.googleapis.com"
        }
      },
      {
        "@type": "type.googleapis.com/google.rpc.LocalizedMessage",
        "locale": "en-US",
        "message": "API key not valid. Please pass a valid API key."
      }
    ]
  }
}

[2026-08-17 14:13:51 UTC]     API Error: HTTP_400: {
  "error": {
    "code": 400,
    "message": "API key not valid. Please pass a valid API key.",
    "status": "INVALID_ARGUMENT",
    "details": [
      {
        "@type": "type.googleapis.com/google.rpc.ErrorInfo",
        "reason": "API_KEY_INVALID",
        "domain": "googleapis.com",
        "metadata": {
          "service": "generativelanguage.googleapis.com"
        }
      },
      {
        "@type": "type.googleapis.com/google.rpc.LocalizedMessage",
        "locale": "en-US",
        "message": "API key not valid. Please pass a valid API key."
      }
    ]
  }
}

[2026-08-17 14:14:02 UTC]     API Error: HTTP_400: {
  "error": {
    "code": 400,
    "message": "API key not valid. Please pass a valid API key.",
    "status": "INVALID_ARGUMENT",
    "details": [
      {
        "@type": "type.googleapis.com/google.rpc.ErrorInfo",
        "reason": "API_KEY_INVALID",
        "domain": "googleapis.com",
        "metadata": {
          "service": "generativelanguage.googleapis.com"
        }
      },
      {
        "@type": "type.googleapis.com/google.rpc.LocalizedMessage",
        "locale": "en-US",
        "message": "API key not valid. Please pass a valid API key."
      }
    ]
  }
}

[2026-08-17 14:14:19 UTC] --- [Sweep 1] T-315: implement_tool ---
[2026-08-17 14:14:19 UTC]     API Error: HTTP_400: {
  "error": {
    "code": 400,
    "message": "API key not valid. Please pass a valid API key.",
    "status": "INVALID_ARGUMENT",
    "details": [
      {
        "@type": "type.googleapis.com/google.rpc.ErrorInfo",
        "reason": "API_KEY_INVALID",
        "domain": "googleapis.com",
        "metadata": {
          "service": "generativelanguage.googleapis.com"
        }
      },
      {
        "@type": "type.googleapis.com/google.rpc.LocalizedMessage",
        "locale": "en-US",
        "message": "API key not valid. Please pass a valid API key."
      }
    ]
  }
}

[2026-08-17 14:14:29 UTC]     API Error: HTTP_400: {
  "error": {
    "code": 400,
    "message": "API key not valid. Please pass a valid API key.",
    "status": "INVALID_ARGUMENT",
    "details": [
      {
        "@type": "type.googleapis.com/google.rpc.ErrorInfo",
        "reason": "API_KEY_INVALID",
        "domain": "googleapis.com",
        "metadata": {
          "service": "generativelanguage.googleapis.com"
        }
      },
      {
        "@type": "type.googleapis.com/google.rpc.LocalizedMessage",
        "locale": "en-US",
        "message": "API key not valid. Please pass a valid API key."
      }
    ]
  }
}

[2026-08-17 14:14:39 UTC]     API Error: HTTP_400: {
  "error": {
    "code": 400,
    "message": "API key not valid. Please pass a valid API key.",
    "status": "INVALID_ARGUMENT",
    "details": [
      {
        "@type": "type.googleapis.com/google.rpc.ErrorInfo",
        "reason": "API_KEY_INVALID",
        "domain": "googleapis.com",
        "metadata": {
          "service": "generativelanguage.googleapis.com"
        }
      },
      {
        "@type": "type.googleapis.com/google.rpc.LocalizedMessage",
        "locale": "en-US",
        "message": "API key not valid. Please pass a valid API key."
      }
    ]
  }
}

[2026-08-17 14:14:56 UTC] ========== STARTING SWEEP 2/2 ==========
[2026-08-17 14:14:56 UTC] --- [Sweep 2] T-301: implement_tool ---
[2026-08-17 14:14:56 UTC]     API Error: HTTP_400: {
  "error": {
    "code": 400,
    "message": "API key not valid. Please pass a valid API key.",
    "status": "INVALID_ARGUMENT",
    "details": [
      {
        "@type": "type.googleapis.com/google.rpc.ErrorInfo",
        "reason": "API_KEY_INVALID",
        "domain": "googleapis.com",
        "metadata": {
          "service": "generativelanguage.googleapis.com"
        }
      },
      {
        "@type": "type.googleapis.com/google.rpc.LocalizedMessage",
        "locale": "en-US",
        "message": "API key not valid. Please pass a valid API key."
      }
    ]
  }
}

[2026-08-17 14:15:06 UTC]     API Error: HTTP_400: {
  "error": {
    "code": 400,
    "message": "API key not valid. Please pass a valid API key.",
    "status": "INVALID_ARGUMENT",
    "details": [
      {
        "@type": "type.googleapis.com/google.rpc.ErrorInfo",
        "reason": "API_KEY_INVALID",
        "domain": "googleapis.com",
        "metadata": {
          "service": "generativelanguage.googleapis.com"
        }
      },
      {
        "@type": "type.googleapis.com/google.rpc.LocalizedMessage",
        "locale": "en-US",
        "message": "API key not valid. Please pass a valid API key."
      }
    ]
  }
}

[2026-08-17 14:15:17 UTC]     API Error: HTTP_400: {
  "error": {
    "code": 400,
    "message": "API key not valid. Please pass a valid API key.",
    "status": "INVALID_ARGUMENT",
    "details": [
      {
        "@type": "type.googleapis.com/google.rpc.ErrorInfo",
        "reason": "API_KEY_INVALID",
        "domain": "googleapis.com",
        "metadata": {
          "service": "generativelanguage.googleapis.com"
        }
      },
      {
        "@type": "type.googleapis.com/google.rpc.LocalizedMessage",
        "locale": "en-US",
        "message": "API key not valid. Please pass a valid API key."
      }
    ]
  }
}

[2026-08-17 14:15:34 UTC] --- [Sweep 2] T-302: implement_tool ---
[2026-08-17 14:15:34 UTC]     API Error: HTTP_400: {
  "error": {
    "code": 400,
    "message": "API key not valid. Please pass a valid API key.",
    "status": "INVALID_ARGUMENT",
    "details": [
      {
        "@type": "type.googleapis.com/google.rpc.ErrorInfo",
        "reason": "API_KEY_INVALID",
        "domain": "googleapis.com",
        "metadata": {
          "service": "generativelanguage.googleapis.com"
        }
      },
      {
        "@type": "type.googleapis.com/google.rpc.LocalizedMessage",
        "locale": "en-US",
        "message": "API key not valid. Please pass a valid API key."
      }
    ]
  }
}

[2026-08-17 14:15:44 UTC]     API Error: HTTP_400: {
  "error": {
    "code": 400,
    "message": "API key not valid. Please pass a valid API key.",
    "status": "INVALID_ARGUMENT",
    "details": [
      {
        "@type": "type.googleapis.com/google.rpc.ErrorInfo",
        "reason": "API_KEY_INVALID",
        "domain": "googleapis.com",
        "metadata": {
          "service": "generativelanguage.googleapis.com"
        }
      },
      {
        "@type": "type.googleapis.com/google.rpc.LocalizedMessage",
        "locale": "en-US",
        "message": "API key not valid. Please pass a valid API key."
      }
    ]
  }
}

[2026-08-17 14:15:54 UTC]     API Error: HTTP_400: {
  "error": {
    "code": 400,
    "message": "API key not valid. Please pass a valid API key.",
    "status": "INVALID_ARGUMENT",
    "details": [
      {
        "@type": "type.googleapis.com/google.rpc.ErrorInfo",
        "reason": "API_KEY_INVALID",
        "domain": "googleapis.com",
        "metadata": {
          "service": "generativelanguage.googleapis.com"
        }
      },
      {
        "@type": "type.googleapis.com/google.rpc.LocalizedMessage",
        "locale": "en-US",
        "message": "API key not valid. Please pass a valid API key."
      }
    ]
  }
}

[2026-08-17 14:16:11 UTC] --- [Sweep 2] T-303: implement_tool ---
[2026-08-17 14:16:11 UTC]     API Error: HTTP_400: {
  "error": {
    "code": 400,
    "message": "API key not valid. Please pass a valid API key.",
    "status": "INVALID_ARGUMENT",
    "details": [
      {
        "@type": "type.googleapis.com/google.rpc.ErrorInfo",
        "reason": "API_KEY_INVALID",
        "domain": "googleapis.com",
        "metadata": {
          "service": "generativelanguage.googleapis.com"
        }
      },
      {
        "@type": "type.googleapis.com/google.rpc.LocalizedMessage",
        "locale": "en-US",
        "message": "API key not valid. Please pass a valid API key."
      }
    ]
  }
}

[2026-08-17 14:16:22 UTC]     API Error: HTTP_400: {
  "error": {
    "code": 400,
    "message": "API key not valid. Please pass a valid API key.",
    "status": "INVALID_ARGUMENT",
    "details": [
      {
        "@type": "type.googleapis.com/google.rpc.ErrorInfo",
        "reason": "API_KEY_INVALID",
        "domain": "googleapis.com",
        "metadata": {
          "service": "generativelanguage.googleapis.com"
        }
      },
      {
        "@type": "type.googleapis.com/google.rpc.LocalizedMessage",
        "locale": "en-US",
        "message": "API key not valid. Please pass a valid API key."
      }
    ]
  }
}

[2026-08-17 14:16:32 UTC]     API Error: HTTP_400: {
  "error": {
    "code": 400,
    "message": "API key not valid. Please pass a valid API key.",
    "status": "INVALID_ARGUMENT",
    "details": [
      {
        "@type": "type.googleapis.com/google.rpc.ErrorInfo",
        "reason": "API_KEY_INVALID",
        "domain": "googleapis.com",
        "metadata": {
          "service": "generativelanguage.googleapis.com"
        }
      },
      {
        "@type": "type.googleapis.com/google.rpc.LocalizedMessage",
        "locale": "en-US",
        "message": "API key not valid. Please pass a valid API key."
      }
    ]
  }
}

[2026-08-17 14:16:49 UTC] --- [Sweep 2] T-304: implement_tool ---
[2026-08-17 14:16:49 UTC]     API Error: HTTP_400: {
  "error": {
    "code": 400,
    "message": "API key not valid. Please pass a valid API key.",
    "status": "INVALID_ARGUMENT",
    "details": [
      {
        "@type": "type.googleapis.com/google.rpc.ErrorInfo",
        "reason": "API_KEY_INVALID",
        "domain": "googleapis.com",
        "metadata": {
          "service": "generativelanguage.googleapis.com"
        }
      },
      {
        "@type": "type.googleapis.com/google.rpc.LocalizedMessage",
        "locale": "en-US",
        "message": "API key not valid. Please pass a valid API key."
      }
    ]
  }
}

[2026-08-17 14:16:59 UTC]     API Error: HTTP_400: {
  "error": {
    "code": 400,
    "message": "API key not valid. Please pass a valid API key.",
    "status": "INVALID_ARGUMENT",
    "details": [
      {
        "@type": "type.googleapis.com/google.rpc.ErrorInfo",
        "reason": "API_KEY_INVALID",
        "domain": "googleapis.com",
        "metadata": {
          "service": "generativelanguage.googleapis.com"
        }
      },
      {
        "@type": "type.googleapis.com/google.rpc.LocalizedMessage",
        "locale": "en-US",
        "message": "API key not valid. Please pass a valid API key."
      }
    ]
  }
}

[2026-08-17 14:17:09 UTC]     API Error: HTTP_400: {
  "error": {
    "code": 400,
    "message": "API key not valid. Please pass a valid API key.",
    "status": "INVALID_ARGUMENT",
    "details": [
      {
        "@type": "type.googleapis.com/google.rpc.ErrorInfo",
        "reason": "API_KEY_INVALID",
        "domain": "googleapis.com",
        "metadata": {
          "service": "generativelanguage.googleapis.com"
        }
      },
      {
        "@type": "type.googleapis.com/google.rpc.LocalizedMessage",
        "locale": "en-US",
        "message": "API key not valid. Please pass a valid API key."
      }
    ]
  }
}

[2026-08-17 14:17:26 UTC] --- [Sweep 2] T-305: implement_tool ---
[2026-08-17 14:17:26 UTC]     API Error: HTTP_400: {
  "error": {
    "code": 400,
    "message": "API key not valid. Please pass a valid API key.",
    "status": "INVALID_ARGUMENT",
    "details": [
      {
        "@type": "type.googleapis.com/google.rpc.ErrorInfo",
        "reason": "API_KEY_INVALID",
        "domain": "googleapis.com",
        "metadata": {
          "service": "generativelanguage.googleapis.com"
        }
      },
      {
        "@type": "type.googleapis.com/google.rpc.LocalizedMessage",
        "locale": "en-US",
        "message": "API key not valid. Please pass a valid API key."
      }
    ]
  }
}

[2026-08-17 14:17:37 UTC]     API Error: HTTP_400: {
  "error": {
    "code": 400,
    "message": "API key not valid. Please pass a valid API key.",
    "status": "INVALID_ARGUMENT",
    "details": [
      {
        "@type": "type.googleapis.com/google.rpc.ErrorInfo",
        "reason": "API_KEY_INVALID",
        "domain": "googleapis.com",
        "metadata": {
          "service": "generativelanguage.googleapis.com"
        }
      },
      {
        "@type": "type.googleapis.com/google.rpc.LocalizedMessage",
        "locale": "en-US",
        "message": "API key not valid. Please pass a valid API key."
      }
    ]
  }
}

[2026-08-17 14:17:47 UTC]     API Error: HTTP_400: {
  "error": {
    "code": 400,
    "message": "API key not valid. Please pass a valid API key.",
    "status": "INVALID_ARGUMENT",
    "details": [
      {
        "@type": "type.googleapis.com/google.rpc.ErrorInfo",
        "reason": "API_KEY_INVALID",
        "domain": "googleapis.com",
        "metadata": {
          "service": "generativelanguage.googleapis.com"
        }
      },
      {
        "@type": "type.googleapis.com/google.rpc.LocalizedMessage",
        "locale": "en-US",
        "message": "API key not valid. Please pass a valid API key."
      }
    ]
  }
}

[2026-08-17 14:18:04 UTC] --- [Sweep 2] T-306: implement_tool ---
[2026-08-17 14:18:04 UTC]     API Error: HTTP_400: {
  "error": {
    "code": 400,
    "message": "API key not valid. Please pass a valid API key.",
    "status": "INVALID_ARGUMENT",
    "details": [
      {
        "@type": "type.googleapis.com/google.rpc.ErrorInfo",
        "reason": "API_KEY_INVALID",
        "domain": "googleapis.com",
        "metadata": {
          "service": "generativelanguage.googleapis.com"
        }
      },
      {
        "@type": "type.googleapis.com/google.rpc.LocalizedMessage",
        "locale": "en-US",
        "message": "API key not valid. Please pass a valid API key."
      }
    ]
  }
}

[2026-08-17 14:18:14 UTC]     API Error: HTTP_400: {
  "error": {
    "code": 400,
    "message": "API key not valid. Please pass a valid API key.",
    "status": "INVALID_ARGUMENT",
    "details": [
      {
        "@type": "type.googleapis.com/google.rpc.ErrorInfo",
        "reason": "API_KEY_INVALID",
        "domain": "googleapis.com",
        "metadata": {
          "service": "generativelanguage.googleapis.com"
        }
      },
      {
        "@type": "type.googleapis.com/google.rpc.LocalizedMessage",
        "locale": "en-US",
        "message": "API key not valid. Please pass a valid API key."
      }
    ]
  }
}

[2026-08-17 14:18:24 UTC]     API Error: HTTP_400: {
  "error": {
    "code": 400,
    "message": "API key not valid. Please pass a valid API key.",
    "status": "INVALID_ARGUMENT",
    "details": [
      {
        "@type": "type.googleapis.com/google.rpc.ErrorInfo",
        "reason": "API_KEY_INVALID",
        "domain": "googleapis.com",
        "metadata": {
          "service": "generativelanguage.googleapis.com"
        }
      },
      {
        "@type": "type.googleapis.com/google.rpc.LocalizedMessage",
        "locale": "en-US",
        "message": "API key not valid. Please pass a valid API key."
      }
    ]
  }
}

[2026-08-17 14:18:41 UTC] --- [Sweep 2] T-307: implement_tool ---
[2026-08-17 14:18:42 UTC]     API Error: HTTP_400: {
  "error": {
    "code": 400,
    "message": "API key not valid. Please pass a valid API key.",
    "status": "INVALID_ARGUMENT",
    "details": [
      {
        "@type": "type.googleapis.com/google.rpc.ErrorInfo",
        "reason": "API_KEY_INVALID",
        "domain": "googleapis.com",
        "metadata": {
          "service": "generativelanguage.googleapis.com"
        }
      },
      {
        "@type": "type.googleapis.com/google.rpc.LocalizedMessage",
        "locale": "en-US",
        "message": "API key not valid. Please pass a valid API key."
      }
    ]
  }
}

[2026-08-17 14:18:52 UTC]     API Error: HTTP_400: {
  "error": {
    "code": 400,
    "message": "API key not valid. Please pass a valid API key.",
    "status": "INVALID_ARGUMENT",
    "details": [
      {
        "@type": "type.googleapis.com/google.rpc.ErrorInfo",
        "reason": "API_KEY_INVALID",
        "domain": "googleapis.com",
        "metadata": {
          "service": "generativelanguage.googleapis.com"
        }
      },
      {
        "@type": "type.googleapis.com/google.rpc.LocalizedMessage",
        "locale": "en-US",
        "message": "API key not valid. Please pass a valid API key."
      }
    ]
  }
}

[2026-08-17 14:19:02 UTC]     API Error: HTTP_400: {
  "error": {
    "code": 400,
    "message": "API key not valid. Please pass a valid API key.",
    "status": "INVALID_ARGUMENT",
    "details": [
      {
        "@type": "type.googleapis.com/google.rpc.ErrorInfo",
        "reason": "API_KEY_INVALID",
        "domain": "googleapis.com",
        "metadata": {
          "service": "generativelanguage.googleapis.com"
        }
      },
      {
        "@type": "type.googleapis.com/google.rpc.LocalizedMessage",
        "locale": "en-US",
        "message": "API key not valid. Please pass a valid API key."
      }
    ]
  }
}

[2026-08-17 14:19:19 UTC] --- [Sweep 2] T-308: generate_config ---
[2026-08-17 14:19:19 UTC]     API Error: HTTP_400: {
  "error": {
    "code": 400,
    "message": "API key not valid. Please pass a valid API key.",
    "status": "INVALID_ARGUMENT",
    "details": [
      {
        "@type": "type.googleapis.com/google.rpc.ErrorInfo",
        "reason": "API_KEY_INVALID",
        "domain": "googleapis.com",
        "metadata": {
          "service": "generativelanguage.googleapis.com"
        }
      },
      {
        "@type": "type.googleapis.com/google.rpc.LocalizedMessage",
        "locale": "en-US",
        "message": "API key not valid. Please pass a valid API key."
      }
    ]
  }
}

[2026-08-17 14:19:29 UTC]     API Error: HTTP_400: {
  "error": {
    "code": 400,
    "message": "API key not valid. Please pass a valid API key.",
    "status": "INVALID_ARGUMENT",
    "details": [
      {
        "@type": "type.googleapis.com/google.rpc.ErrorInfo",
        "reason": "API_KEY_INVALID",
        "domain": "googleapis.com",
        "metadata": {
          "service": "generativelanguage.googleapis.com"
        }
      },
      {
        "@type": "type.googleapis.com/google.rpc.LocalizedMessage",
        "locale": "en-US",
        "message": "API key not valid. Please pass a valid API key."
      }
    ]
  }
}

[2026-08-17 14:19:39 UTC]     API Error: HTTP_400: {
  "error": {
    "code": 400,
    "message": "API key not valid. Please pass a valid API key.",
    "status": "INVALID_ARGUMENT",
    "details": [
      {
        "@type": "type.googleapis.com/google.rpc.ErrorInfo",
        "reason": "API_KEY_INVALID",
        "domain": "googleapis.com",
        "metadata": {
          "service": "generativelanguage.googleapis.com"
        }
      },
      {
        "@type": "type.googleapis.com/google.rpc.LocalizedMessage",
        "locale": "en-US",
        "message": "API key not valid. Please pass a valid API key."
      }
    ]
  }
}

[2026-08-17 14:19:56 UTC] --- [Sweep 2] T-309: generate_config ---
[2026-08-17 14:19:57 UTC]     API Error: HTTP_400: {
  "error": {
    "code": 400,
    "message": "API key not valid. Please pass a valid API key.",
    "status": "INVALID_ARGUMENT",
    "details": [
      {
        "@type": "type.googleapis.com/google.rpc.ErrorInfo",
        "reason": "API_KEY_INVALID",
        "domain": "googleapis.com",
        "metadata": {
          "service": "generativelanguage.googleapis.com"
        }
      },
      {
        "@type": "type.googleapis.com/google.rpc.LocalizedMessage",
        "locale": "en-US",
        "message": "API key not valid. Please pass a valid API key."
      }
    ]
  }
}

[2026-08-17 14:20:07 UTC]     API Error: HTTP_400: {
  "error": {
    "code": 400,
    "message": "API key not valid. Please pass a valid API key.",
    "status": "INVALID_ARGUMENT",
    "details": [
      {
        "@type": "type.googleapis.com/google.rpc.ErrorInfo",
        "reason": "API_KEY_INVALID",
        "domain": "googleapis.com",
        "metadata": {
          "service": "generativelanguage.googleapis.com"
        }
      },
      {
        "@type": "type.googleapis.com/google.rpc.LocalizedMessage",
        "locale": "en-US",
        "message": "API key not valid. Please pass a valid API key."
      }
    ]
  }
}

[2026-08-17 14:20:17 UTC]     API Error: HTTP_400: {
  "error": {
    "code": 400,
    "message": "API key not valid. Please pass a valid API key.",
    "status": "INVALID_ARGUMENT",
    "details": [
      {
        "@type": "type.googleapis.com/google.rpc.ErrorInfo",
        "reason": "API_KEY_INVALID",
        "domain": "googleapis.com",
        "metadata": {
          "service": "generativelanguage.googleapis.com"
        }
      },
      {
        "@type": "type.googleapis.com/google.rpc.LocalizedMessage",
        "locale": "en-US",
        "message": "API key not valid. Please pass a valid API key."
      }
    ]
  }
}

[2026-08-17 14:20:34 UTC] --- [Sweep 2] T-310: generate_config ---
[2026-08-17 14:20:34 UTC]     API Error: HTTP_400: {
  "error": {
    "code": 400,
    "message": "API key not valid. Please pass a valid API key.",
    "status": "INVALID_ARGUMENT",
    "details": [
      {
        "@type": "type.googleapis.com/google.rpc.ErrorInfo",
        "reason": "API_KEY_INVALID",
        "domain": "googleapis.com",
        "metadata": {
          "service": "generativelanguage.googleapis.com"
        }
      },
      {
        "@type": "type.googleapis.com/google.rpc.LocalizedMessage",
        "locale": "en-US",
        "message": "API key not valid. Please pass a valid API key."
      }
    ]
  }
}

[2026-08-17 14:20:44 UTC]     API Error: HTTP_400: {
  "error": {
    "code": 400,
    "message": "API key not valid. Please pass a valid API key.",
    "status": "INVALID_ARGUMENT",
    "details": [
      {
        "@type": "type.googleapis.com/google.rpc.ErrorInfo",
        "reason": "API_KEY_INVALID",
        "domain": "googleapis.com",
        "metadata": {
          "service": "generativelanguage.googleapis.com"
        }
      },
      {
        "@type": "type.googleapis.com/google.rpc.LocalizedMessage",
        "locale": "en-US",
        "message": "API key not valid. Please pass a valid API key."
      }
    ]
  }
}

[2026-08-17 14:20:54 UTC]     API Error: HTTP_400: {
  "error": {
    "code": 400,
    "message": "API key not valid. Please pass a valid API key.",
    "status": "INVALID_ARGUMENT",
    "details": [
      {
        "@type": "type.googleapis.com/google.rpc.ErrorInfo",
        "reason": "API_KEY_INVALID",
        "domain": "googleapis.com",
        "metadata": {
          "service": "generativelanguage.googleapis.com"
        }
      },
      {
        "@type": "type.googleapis.com/google.rpc.LocalizedMessage",
        "locale": "en-US",
        "message": "API key not valid. Please pass a valid API key."
      }
    ]
  }
}

[2026-08-17 14:21:11 UTC] --- [Sweep 2] T-311: generate_config ---
[2026-08-17 14:21:12 UTC]     API Error: HTTP_400: {
  "error": {
    "code": 400,
    "message": "API key not valid. Please pass a valid API key.",
    "status": "INVALID_ARGUMENT",
    "details": [
      {
        "@type": "type.googleapis.com/google.rpc.ErrorInfo",
        "reason": "API_KEY_INVALID",
        "domain": "googleapis.com",
        "metadata": {
          "service": "generativelanguage.googleapis.com"
        }
      },
      {
        "@type": "type.googleapis.com/google.rpc.LocalizedMessage",
        "locale": "en-US",
        "message": "API key not valid. Please pass a valid API key."
      }
    ]
  }
}

[2026-08-17 14:21:22 UTC]     API Error: HTTP_400: {
  "error": {
    "code": 400,
    "message": "API key not valid. Please pass a valid API key.",
    "status": "INVALID_ARGUMENT",
    "details": [
      {
        "@type": "type.googleapis.com/google.rpc.ErrorInfo",
        "reason": "API_KEY_INVALID",
        "domain": "googleapis.com",
        "metadata": {
          "service": "generativelanguage.googleapis.com"
        }
      },
      {
        "@type": "type.googleapis.com/google.rpc.LocalizedMessage",
        "locale": "en-US",
        "message": "API key not valid. Please pass a valid API key."
      }
    ]
  }
}

[2026-08-17 14:21:32 UTC]     API Error: HTTP_400: {
  "error": {
    "code": 400,
    "message": "API key not valid. Please pass a valid API key.",
    "status": "INVALID_ARGUMENT",
    "details": [
      {
        "@type": "type.googleapis.com/google.rpc.ErrorInfo",
        "reason": "API_KEY_INVALID",
        "domain": "googleapis.com",
        "metadata": {
          "service": "generativelanguage.googleapis.com"
        }
      },
      {
        "@type": "type.googleapis.com/google.rpc.LocalizedMessage",
        "locale": "en-US",
        "message": "API key not valid. Please pass a valid API key."
      }
    ]
  }
}

[2026-08-17 14:21:49 UTC] --- [Sweep 2] T-312: expand_runbook ---
[2026-08-17 14:21:49 UTC]     API Error: HTTP_400: {
  "error": {
    "code": 400,
    "message": "API key not valid. Please pass a valid API key.",
    "status": "INVALID_ARGUMENT",
    "details": [
      {
        "@type": "type.googleapis.com/google.rpc.ErrorInfo",
        "reason": "API_KEY_INVALID",
        "domain": "googleapis.com",
        "metadata": {
          "service": "generativelanguage.googleapis.com"
        }
      },
      {
        "@type": "type.googleapis.com/google.rpc.LocalizedMessage",
        "locale": "en-US",
        "message": "API key not valid. Please pass a valid API key."
      }
    ]
  }
}

[2026-08-17 14:21:59 UTC]     API Error: HTTP_400: {
  "error": {
    "code": 400,
    "message": "API key not valid. Please pass a valid API key.",
    "status": "INVALID_ARGUMENT",
    "details": [
      {
        "@type": "type.googleapis.com/google.rpc.ErrorInfo",
        "reason": "API_KEY_INVALID",
        "domain": "googleapis.com",
        "metadata": {
          "service": "generativelanguage.googleapis.com"
        }
      },
      {
        "@type": "type.googleapis.com/google.rpc.LocalizedMessage",
        "locale": "en-US",
        "message": "API key not valid. Please pass a valid API key."
      }
    ]
  }
}

[2026-08-17 14:22:09 UTC]     API Error: HTTP_400: {
  "error": {
    "code": 400,
    "message": "API key not valid. Please pass a valid API key.",
    "status": "INVALID_ARGUMENT",
    "details": [
      {
        "@type": "type.googleapis.com/google.rpc.ErrorInfo",
        "reason": "API_KEY_INVALID",
        "domain": "googleapis.com",
        "metadata": {
          "service": "generativelanguage.googleapis.com"
        }
      },
      {
        "@type": "type.googleapis.com/google.rpc.LocalizedMessage",
        "locale": "en-US",
        "message": "API key not valid. Please pass a valid API key."
      }
    ]
  }
}

[2026-08-17 14:22:26 UTC] --- [Sweep 2] T-313: expand_runbook ---
[2026-08-17 14:22:27 UTC]     API Error: HTTP_400: {
  "error": {
    "code": 400,
    "message": "API key not valid. Please pass a valid API key.",
    "status": "INVALID_ARGUMENT",
    "details": [
      {
        "@type": "type.googleapis.com/google.rpc.ErrorInfo",
        "reason": "API_KEY_INVALID",
        "domain": "googleapis.com",
        "metadata": {
          "service": "generativelanguage.googleapis.com"
        }
      },
      {
        "@type": "type.googleapis.com/google.rpc.LocalizedMessage",
        "locale": "en-US",
        "message": "API key not valid. Please pass a valid API key."
      }
    ]
  }
}

[2026-08-17 14:22:37 UTC]     API Error: HTTP_400: {
  "error": {
    "code": 400,
    "message": "API key not valid. Please pass a valid API key.",
    "status": "INVALID_ARGUMENT",
    "details": [
      {
        "@type": "type.googleapis.com/google.rpc.ErrorInfo",
        "reason": "API_KEY_INVALID",
        "domain": "googleapis.com",
        "metadata": {
          "service": "generativelanguage.googleapis.com"
        }
      },
      {
        "@type": "type.googleapis.com/google.rpc.LocalizedMessage",
        "locale": "en-US",
        "message": "API key not valid. Please pass a valid API key."
      }
    ]
  }
}

[2026-08-17 14:22:47 UTC]     API Error: HTTP_400: {
  "error": {
    "code": 400,
    "message": "API key not valid. Please pass a valid API key.",
    "status": "INVALID_ARGUMENT",
    "details": [
      {
        "@type": "type.googleapis.com/google.rpc.ErrorInfo",
        "reason": "API_KEY_INVALID",
        "domain": "googleapis.com",
        "metadata": {
          "service": "generativelanguage.googleapis.com"
        }
      },
      {
        "@type": "type.googleapis.com/google.rpc.LocalizedMessage",
        "locale": "en-US",
        "message": "API key not valid. Please pass a valid API key."
      }
    ]
  }
}

[2026-08-17 14:23:04 UTC] --- [Sweep 2] T-314: implement_tool ---
[2026-08-17 14:23:04 UTC]     API Error: HTTP_400: {
  "error": {
    "code": 400,
    "message": "API key not valid. Please pass a valid API key.",
    "status": "INVALID_ARGUMENT",
    "details": [
      {
        "@type": "type.googleapis.com/google.rpc.ErrorInfo",
        "reason": "API_KEY_INVALID",
        "domain": "googleapis.com",
        "metadata": {
          "service": "generativelanguage.googleapis.com"
        }
      },
      {
        "@type": "type.googleapis.com/google.rpc.LocalizedMessage",
        "locale": "en-US",
        "message": "API key not valid. Please pass a valid API key."
      }
    ]
  }
}

[2026-08-17 14:23:14 UTC]     API Error: HTTP_400: {
  "error": {
    "code": 400,
    "message": "API key not valid. Please pass a valid API key.",
    "status": "INVALID_ARGUMENT",
    "details": [
      {
        "@type": "type.googleapis.com/google.rpc.ErrorInfo",
        "reason": "API_KEY_INVALID",
        "domain": "googleapis.com",
        "metadata": {
          "service": "generativelanguage.googleapis.com"
        }
      },
      {
        "@type": "type.googleapis.com/google.rpc.LocalizedMessage",
        "locale": "en-US",
        "message": "API key not valid. Please pass a valid API key."
      }
    ]
  }
}

[2026-08-17 14:23:25 UTC]     API Error: HTTP_400: {
  "error": {
    "code": 400,
    "message": "API key not valid. Please pass a valid API key.",
    "status": "INVALID_ARGUMENT",
    "details": [
      {
        "@type": "type.googleapis.com/google.rpc.ErrorInfo",
        "reason": "API_KEY_INVALID",
        "domain": "googleapis.com",
        "metadata": {
          "service": "generativelanguage.googleapis.com"
        }
      },
      {
        "@type": "type.googleapis.com/google.rpc.LocalizedMessage",
        "locale": "en-US",
        "message": "API key not valid. Please pass a valid API key."
      }
    ]
  }
}

[2026-08-17 14:23:42 UTC] --- [Sweep 2] T-315: implement_tool ---
[2026-08-17 14:23:42 UTC]     API Error: HTTP_400: {
  "error": {
    "code": 400,
    "message": "API key not valid. Please pass a valid API key.",
    "status": "INVALID_ARGUMENT",
    "details": [
      {
        "@type": "type.googleapis.com/google.rpc.ErrorInfo",
        "reason": "API_KEY_INVALID",
        "domain": "googleapis.com",
        "metadata": {
          "service": "generativelanguage.googleapis.com"
        }
      },
      {
        "@type": "type.googleapis.com/google.rpc.LocalizedMessage",
        "locale": "en-US",
        "message": "API key not valid. Please pass a valid API key."
      }
    ]
  }
}

[2026-08-17 14:23:52 UTC]     API Error: HTTP_400: {
  "error": {
    "code": 400,
    "message": "API key not valid. Please pass a valid API key.",
    "status": "INVALID_ARGUMENT",
    "details": [
      {
        "@type": "type.googleapis.com/google.rpc.ErrorInfo",
        "reason": "API_KEY_INVALID",
        "domain": "googleapis.com",
        "metadata": {
          "service": "generativelanguage.googleapis.com"
        }
      },
      {
        "@type": "type.googleapis.com/google.rpc.LocalizedMessage",
        "locale": "en-US",
        "message": "API key not valid. Please pass a valid API key."
      }
    ]
  }
}

[2026-08-17 14:24:02 UTC]     API Error: HTTP_400: {
  "error": {
    "code": 400,
    "message": "API key not valid. Please pass a valid API key.",
    "status": "INVALID_ARGUMENT",
    "details": [
      {
        "@type": "type.googleapis.com/google.rpc.ErrorInfo",
        "reason": "API_KEY_INVALID",
        "domain": "googleapis.com",
        "metadata": {
          "service": "generativelanguage.googleapis.com"
        }
      },
      {
        "@type": "type.googleapis.com/google.rpc.LocalizedMessage",
        "locale": "en-US",
        "message": "API key not valid. Please pass a valid API key."
      }
    ]
  }
}

[2026-08-17 14:24:19 UTC] === SAVING BEST OUTPUTS ===
[2026-08-17 14:24:19 UTC] === LOOP COMPLETE === API Calls Used: 90/850
[2026-08-17 14:26:26 UTC] === ITERATIVE LOOP v3 (SLEEP-SAFE) START ===
[2026-08-17 14:26:26 UTC] ========== STARTING SWEEP 1/2 ==========
[2026-08-17 14:26:26 UTC] --- [Sweep 1] T-301: implement_tool ---
[2026-08-17 14:26:28 UTC]     Gen 1 | Score: 10/10 | Verifier: PASS
[2026-08-17 14:26:28 UTC]     Target score 9 reached! Moving on.
[2026-08-17 14:26:35 UTC] --- [Sweep 1] T-302: implement_tool ---
[2026-08-17 14:26:39 UTC]     Gen 1 | Score: 10/10 | Verifier: PASS
[2026-08-17 14:26:39 UTC]     Target score 9 reached! Moving on.
[2026-08-17 14:26:46 UTC] --- [Sweep 1] T-303: implement_tool ---
[2026-08-17 14:26:51 UTC]     Gen 1 | Score: 10/10 | Verifier: PASS
[2026-08-17 14:26:51 UTC]     Target score 9 reached! Moving on.
[2026-08-17 14:26:58 UTC] --- [Sweep 1] T-304: implement_tool ---
[2026-08-17 14:27:08 UTC]     Gen 1 | Score: 10/10 | Verifier: PASS
[2026-08-17 14:27:08 UTC]     Target score 9 reached! Moving on.
[2026-08-17 14:27:15 UTC] --- [Sweep 1] T-305: implement_tool ---
[2026-08-17 14:27:20 UTC]     Gen 1 | Score: 10/10 | Verifier: PASS
[2026-08-17 14:27:20 UTC]     Target score 9 reached! Moving on.
[2026-08-17 14:27:27 UTC] --- [Sweep 1] T-306: implement_tool ---
[2026-08-17 14:27:30 UTC]     Gen 1 | Score: 10/10 | Verifier: PASS
[2026-08-17 14:27:30 UTC]     Target score 9 reached! Moving on.
[2026-08-17 14:27:37 UTC] --- [Sweep 1] T-307: implement_tool ---
[2026-08-17 14:27:39 UTC]     Gen 1 | Score: 10/10 | Verifier: PASS
[2026-08-17 14:27:39 UTC]     Target score 9 reached! Moving on.
[2026-08-17 14:27:46 UTC] --- [Sweep 1] T-308: generate_config ---
[2026-08-17 14:27:49 UTC]     Gen 1 | Score: 6/10 | Verifier: PASS
[2026-08-17 14:28:01 UTC]     Gen 2 | Score: 6/10 | Verifier: PASS
[2026-08-17 14:28:14 UTC]     Gen 3 | Score: 7/10 | Verifier: PASS
[2026-08-17 14:28:23 UTC]     Gen 4 | Score: 6/10 | Verifier: PASS
[2026-08-17 14:28:40 UTC]     Gen 5 | Score: 6/10 | Verifier: PASS
[2026-08-17 14:28:47 UTC] --- [Sweep 1] T-309: generate_config ---
[2026-08-17 14:28:52 UTC]     Gen 1 | Score: 5/10 | Verifier: PASS
[2026-08-17 14:28:56 UTC]     Gen 2 | Score: 5/10 | Verifier: PASS
[2026-08-17 14:29:02 UTC]     Gen 3 | Score: 5/10 | Verifier: PASS
[2026-08-17 14:29:04 UTC]     Gen 4 | Score: 5/10 | Verifier: PASS
[2026-08-17 14:29:11 UTC]     Gen 5 | Score: 5/10 | Verifier: PASS
[2026-08-17 14:29:18 UTC] --- [Sweep 1] T-310: generate_config ---
[2026-08-17 14:29:19 UTC]     Gen 1 | Score: 5/10 | Verifier: PASS
[2026-08-17 14:29:21 UTC]     Gen 2 | Score: 5/10 | Verifier: PASS
[2026-08-17 14:29:23 UTC]     Gen 3 | Score: 5/10 | Verifier: PASS
[2026-08-17 14:29:28 UTC]     Gen 4 | Score: 5/10 | Verifier: PASS
[2026-08-17 14:29:31 UTC]     Gen 5 | Score: 5/10 | Verifier: PASS
[2026-08-17 14:29:38 UTC] --- [Sweep 1] T-311: generate_config ---
[2026-08-17 14:29:44 UTC]     Gen 1 | Score: 5/10 | Verifier: PASS
[2026-08-17 14:29:52 UTC]     Gen 2 | Score: 6/10 | Verifier: PASS
[2026-08-17 14:29:58 UTC]     Gen 3 | Score: 6/10 | Verifier: PASS
[2026-08-17 14:30:01 UTC]     Gen 4 | Score: 6/10 | Verifier: PASS
[2026-08-17 14:30:04 UTC]     Gen 5 | Score: 7/10 | Verifier: PASS
[2026-08-17 14:30:11 UTC] --- [Sweep 1] T-312: expand_runbook ---
[2026-08-17 14:30:18 UTC]     Gen 1 | Score: 9/10 | Verifier: PASS
[2026-08-17 14:30:18 UTC]     Target score 9 reached! Moving on.
[2026-08-17 14:30:25 UTC] --- [Sweep 1] T-313: expand_runbook ---
[2026-08-17 14:30:31 UTC]     Gen 1 | Score: 9/10 | Verifier: PASS
[2026-08-17 14:30:31 UTC]     Target score 9 reached! Moving on.
[2026-08-17 14:30:38 UTC] --- [Sweep 1] T-314: implement_tool ---
[2026-08-17 14:30:43 UTC]     Gen 1 | Score: 3/10 | Verifier: FAIL
[2026-08-17 14:30:47 UTC]     Gen 2 | Score: 4/10 | Verifier: FAIL
[2026-08-17 14:30:57 UTC]     Gen 3 | Score: 4/10 | Verifier: FAIL
[2026-08-17 14:31:05 UTC]     Gen 4 | Score: 3/10 | Verifier: FAIL
[2026-08-17 14:31:10 UTC]     Gen 5 | Score: 4/10 | Verifier: FAIL
[2026-08-17 14:31:17 UTC] --- [Sweep 1] T-315: implement_tool ---
[2026-08-17 14:31:20 UTC]     Gen 1 | Score: 3/10 | Verifier: FAIL
[2026-08-17 14:31:24 UTC]     Gen 2 | Score: 3/10 | Verifier: FAIL
[2026-08-17 14:31:30 UTC]     Gen 3 | Score: 9/10 | Verifier: PASS
[2026-08-17 14:31:30 UTC]     Target score 9 reached! Moving on.
[2026-08-17 14:31:38 UTC] ========== STARTING SWEEP 2/2 ==========
[2026-08-17 14:31:38 UTC] --- [Sweep 2] T-308: generate_config ---
[2026-08-17 14:31:39 UTC]     Gen 1 | Score: 6/10 | Verifier: PASS
[2026-08-17 14:31:45 UTC]     Gen 2 | Score: 7/10 | Verifier: PASS
[2026-08-17 14:31:50 UTC]     Gen 3 | Score: 6/10 | Verifier: PASS
[2026-08-17 14:32:01 UTC]     Gen 4 | Score: 6/10 | Verifier: PASS
[2026-08-17 14:32:10 UTC]     Gen 5 | Score: 6/10 | Verifier: PASS
[2026-08-17 14:32:17 UTC] --- [Sweep 2] T-309: generate_config ---
[2026-08-17 14:32:18 UTC]     Gen 1 | Score: 5/10 | Verifier: PASS
[2026-08-17 14:32:25 UTC]     Gen 2 | Score: 5/10 | Verifier: PASS
[2026-08-17 14:32:27 UTC]     Gen 3 | Score: 0/10 | Verifier: FAIL
[2026-08-17 14:32:29 UTC]     Gen 4 | Score: 0/10 | Verifier: FAIL
[2026-08-17 14:32:32 UTC]     Gen 5 | Score: 0/10 | Verifier: FAIL
[2026-08-17 14:32:39 UTC] --- [Sweep 2] T-310: generate_config ---
[2026-08-17 14:32:41 UTC]     Gen 1 | Score: 5/10 | Verifier: PASS
[2026-08-17 14:32:48 UTC]     Gen 2 | Score: 5/10 | Verifier: PASS
[2026-08-17 14:32:51 UTC]     Gen 3 | Score: 5/10 | Verifier: PASS
[2026-08-17 14:32:53 UTC]     Gen 4 | Score: 6/10 | Verifier: PASS
[2026-08-17 14:32:55 UTC]     Gen 5 | Score: 5/10 | Verifier: PASS
[2026-08-17 14:33:02 UTC] --- [Sweep 2] T-311: generate_config ---
[2026-08-17 14:33:03 UTC]     Gen 1 | Score: 5/10 | Verifier: PASS
[2026-08-17 14:33:10 UTC]     Rate limit. Sleeping 60s...
[2026-08-17 14:34:12 UTC]     Gen 2 | Score: 7/10 | Verifier: PASS
[2026-08-17 14:34:14 UTC]     Gen 3 | Score: 5/10 | Verifier: PASS
[2026-08-17 14:34:23 UTC]     Gen 4 | Score: 7/10 | Verifier: PASS
[2026-08-17 14:34:25 UTC]     Gen 5 | Score: 5/10 | Verifier: PASS
[2026-08-17 14:34:32 UTC] --- [Sweep 2] T-314: implement_tool ---
[2026-08-17 14:34:35 UTC]     Gen 1 | Score: 3/10 | Verifier: FAIL
[2026-08-17 14:34:41 UTC]     Gen 2 | Score: 4/10 | Verifier: FAIL
[2026-08-17 14:34:48 UTC]     Gen 3 | Score: 3/10 | Verifier: FAIL
[2026-08-17 14:34:53 UTC]     Gen 4 | Score: 4/10 | Verifier: FAIL
[2026-08-17 14:34:58 UTC]     Gen 5 | Score: 3/10 | Verifier: FAIL
[2026-08-17 14:35:05 UTC] === SAVING BEST OUTPUTS ===
[2026-08-17 14:35:05 UTC]   T-301: Final Score 10/10 | passed
[2026-08-17 14:35:05 UTC]   T-302: Final Score 10/10 | passed
[2026-08-17 14:35:05 UTC]   T-303: Final Score 10/10 | passed
[2026-08-17 14:35:05 UTC]   T-304: Final Score 10/10 | passed
[2026-08-17 14:35:05 UTC]   T-305: Final Score 10/10 | passed
[2026-08-17 14:35:05 UTC]   T-306: Final Score 10/10 | passed
[2026-08-17 14:35:05 UTC]   T-307: Final Score 10/10 | passed
[2026-08-17 14:35:05 UTC]   T-308: Final Score 7/10 | passed
[2026-08-17 14:35:05 UTC]   T-309: Final Score 5/10 | passed
[2026-08-17 14:35:05 UTC]   T-310: Final Score 6/10 | passed
[2026-08-17 14:35:05 UTC]   T-311: Final Score 7/10 | passed
[2026-08-17 14:35:05 UTC]   T-312: Final Score 9/10 | passed
[2026-08-17 14:35:05 UTC]   T-313: Final Score 9/10 | passed
[2026-08-17 14:35:05 UTC]   T-314: Final Score 4/10 | failed
[2026-08-17 14:35:05 UTC]   T-315: Final Score 9/10 | passed
[2026-08-17 14:35:05 UTC] === LOOP COMPLETE === API Calls Used: 105/850
[2026-08-17 14:38:49 UTC] === ITERATIVE LOOP v3 (SLEEP-SAFE) START ===
[2026-08-17 14:38:49 UTC] ========== STARTING SWEEP 1/2 ==========
[2026-08-17 14:38:49 UTC] --- [Sweep 1] T-301: implement_tool ---
[2026-08-17 14:38:49 UTC]     API Error: HTTP_400: {
  "error": {
    "code": 400,
    "message": "API key not valid. Please pass a valid API key.",
    "status": "INVALID_ARGUMENT",
    "details": [
      {
        "@type": "type.googleapis.com/google.rpc.ErrorInfo",
        "reason": "API_KEY_INVALID",
        "domain": "googleapis.com",
        "metadata": {
          "service": "generativelanguage.googleapis.com"
        }
      },
      {
        "@type": "type.googleapis.com/google.rpc.LocalizedMessage",
        "locale": "en-US",
        "message": "API key not valid. Please pass a valid API key."
      }
    ]
  }
}

[2026-08-17 14:39:16 UTC] === ITERATIVE LOOP v3 (SLEEP-SAFE) START ===
[2026-08-17 14:39:16 UTC] ========== STARTING SWEEP 1/2 ==========
[2026-08-17 14:39:16 UTC] --- [Sweep 1] T-301: implement_tool ---
[2026-08-17 14:39:24 UTC]     Gen 1 | Score: 10/10 | Verifier: PASS
[2026-08-17 14:39:24 UTC]     Target score 9 reached! Moving on.
[2026-08-17 14:39:31 UTC] --- [Sweep 1] T-302: implement_tool ---
[2026-08-17 14:39:40 UTC]     Gen 1 | Score: 10/10 | Verifier: PASS
[2026-08-17 14:39:40 UTC]     Target score 9 reached! Moving on.
[2026-08-17 14:39:47 UTC] --- [Sweep 1] T-303: implement_tool ---
[2026-08-17 14:39:50 UTC]     Gen 1 | Score: 10/10 | Verifier: PASS
[2026-08-17 14:39:50 UTC]     Target score 9 reached! Moving on.
[2026-08-17 14:39:57 UTC] --- [Sweep 1] T-304: implement_tool ---
[2026-08-17 14:39:59 UTC]     Gen 1 | Score: 10/10 | Verifier: PASS
[2026-08-17 14:39:59 UTC]     Target score 9 reached! Moving on.
[2026-08-17 14:40:06 UTC] --- [Sweep 1] T-305: implement_tool ---
[2026-08-17 14:40:11 UTC]     Gen 1 | Score: 10/10 | Verifier: PASS
[2026-08-17 14:40:11 UTC]     Target score 9 reached! Moving on.
[2026-08-17 14:40:18 UTC] --- [Sweep 1] T-306: implement_tool ---
[2026-08-17 14:40:20 UTC]     Gen 1 | Score: 10/10 | Verifier: PASS
[2026-08-17 14:40:20 UTC]     Target score 9 reached! Moving on.
[2026-08-17 14:40:27 UTC] --- [Sweep 1] T-307: implement_tool ---
[2026-08-17 14:40:29 UTC]     Gen 1 | Score: 10/10 | Verifier: PASS
[2026-08-17 14:40:29 UTC]     Target score 9 reached! Moving on.
[2026-08-17 14:40:36 UTC] --- [Sweep 1] T-308: generate_config ---
[2026-08-17 14:40:38 UTC]     Gen 1 | Score: 6/10 | Verifier: PASS
[2026-08-17 14:40:41 UTC]     Gen 2 | Score: 6/10 | Verifier: PASS
[2026-08-17 14:40:49 UTC]     Gen 3 | Score: 6/10 | Verifier: PASS
[2026-08-17 14:40:52 UTC]     Gen 4 | Score: 6/10 | Verifier: PASS
[2026-08-17 14:40:58 UTC]     Gen 5 | Score: 7/10 | Verifier: PASS
[2026-08-17 14:41:05 UTC] --- [Sweep 1] T-309: generate_config ---
[2026-08-17 14:41:07 UTC]     Gen 1 | Score: 5/10 | Verifier: PASS
[2026-08-17 14:41:09 UTC]     Gen 2 | Score: 5/10 | Verifier: PASS
[2026-08-17 14:41:11 UTC]     Gen 3 | Score: 5/10 | Verifier: PASS
[2026-08-17 14:41:13 UTC]     Gen 4 | Score: 5/10 | Verifier: PASS
[2026-08-17 14:41:14 UTC]     Rate limit. Sleeping 60s...
[2026-08-17 14:42:15 UTC]     Gen 5 | Score: 5/10 | Verifier: PASS
[2026-08-17 14:42:22 UTC] --- [Sweep 1] T-310: generate_config ---
[2026-08-17 14:42:24 UTC]     Gen 1 | Score: 5/10 | Verifier: PASS
[2026-08-17 14:42:26 UTC]     Gen 2 | Score: 5/10 | Verifier: PASS
[2026-08-17 14:42:34 UTC]     Gen 3 | Score: 5/10 | Verifier: PASS
[2026-08-17 14:42:39 UTC]     Gen 4 | Score: 5/10 | Verifier: PASS
[2026-08-17 14:42:47 UTC]     Gen 5 | Score: 5/10 | Verifier: PASS
[2026-08-17 14:42:54 UTC] --- [Sweep 1] T-311: generate_config ---
[2026-08-17 14:42:55 UTC]     Gen 1 | Score: 5/10 | Verifier: PASS
[2026-08-17 14:42:57 UTC]     Gen 2 | Score: 6/10 | Verifier: PASS
[2026-08-17 14:43:00 UTC]     Gen 3 | Score: 5/10 | Verifier: PASS
[2026-08-17 14:43:07 UTC]     Gen 4 | Score: 5/10 | Verifier: PASS
[2026-08-17 14:43:11 UTC]     Gen 5 | Score: 6/10 | Verifier: PASS
[2026-08-17 14:43:18 UTC] --- [Sweep 1] T-312: expand_runbook ---
[2026-08-17 14:43:22 UTC]     Gen 1 | Score: 9/10 | Verifier: PASS
[2026-08-17 14:43:22 UTC]     Target score 9 reached! Moving on.
[2026-08-17 14:43:29 UTC] --- [Sweep 1] T-313: expand_runbook ---
[2026-08-17 14:43:33 UTC]     Gen 1 | Score: 9/10 | Verifier: PASS
[2026-08-17 14:43:33 UTC]     Target score 9 reached! Moving on.
[2026-08-17 14:43:40 UTC] --- [Sweep 1] T-314: implement_tool ---
[2026-08-17 14:43:45 UTC]     Gen 1 | Score: 3/10 | Verifier: FAIL
[2026-08-17 14:44:00 UTC]     Gen 2 | Score: 9/10 | Verifier: PASS
[2026-08-17 14:44:00 UTC]     Target score 9 reached! Moving on.
[2026-08-17 14:44:07 UTC] --- [Sweep 1] T-315: implement_tool ---
[2026-08-17 14:44:10 UTC]     Gen 1 | Score: 3/10 | Verifier: FAIL
[2026-08-17 14:44:15 UTC]     Gen 2 | Score: 9/10 | Verifier: PASS
[2026-08-17 14:44:15 UTC]     Target score 9 reached! Moving on.
[2026-08-17 14:44:22 UTC] ========== STARTING SWEEP 2/2 ==========
[2026-08-17 14:44:22 UTC] --- [Sweep 2] T-308: generate_config ---
[2026-08-17 14:44:23 UTC]     Gen 1 | Score: 6/10 | Verifier: PASS
[2026-08-17 14:44:28 UTC]     API Error: HTTP_503: {
  "error": {
    "code": 503,
    "message": "This model is currently experiencing high demand. Spikes in demand are usually temporary. Please try again later.",
    "status": "UNAVAILABLE"
  }
}

[2026-08-17 14:44:42 UTC]     Gen 2 | Score: 6/10 | Verifier: PASS
[2026-08-17 14:44:46 UTC]     Gen 3 | Score: 7/10 | Verifier: PASS
[2026-08-17 14:44:51 UTC]     Gen 4 | Score: 7/10 | Verifier: PASS
[2026-08-17 14:44:59 UTC]     Gen 5 | Score: 7/10 | Verifier: PASS
[2026-08-17 14:45:06 UTC] --- [Sweep 2] T-309: generate_config ---
[2026-08-17 14:45:07 UTC]     Gen 1 | Score: 5/10 | Verifier: PASS
[2026-08-17 14:45:10 UTC]     Gen 2 | Score: 5/10 | Verifier: PASS
[2026-08-17 14:45:12 UTC]     Gen 3 | Score: 5/10 | Verifier: PASS
[2026-08-17 14:45:14 UTC]     Gen 4 | Score: 5/10 | Verifier: PASS
[2026-08-17 14:45:16 UTC]     Gen 5 | Score: 0/10 | Verifier: FAIL
[2026-08-17 14:45:23 UTC] --- [Sweep 2] T-310: generate_config ---
[2026-08-17 14:45:23 UTC]     Rate limit. Sleeping 60s...
[2026-08-17 14:46:24 UTC]     Gen 1 | Score: 5/10 | Verifier: PASS
[2026-08-17 14:46:26 UTC]     Gen 2 | Score: 5/10 | Verifier: PASS
[2026-08-17 14:46:30 UTC]     Gen 3 | Score: 5/10 | Verifier: PASS
[2026-08-17 14:46:32 UTC]     Gen 4 | Score: 5/10 | Verifier: PASS
[2026-08-17 14:46:35 UTC]     Gen 5 | Score: 5/10 | Verifier: PASS
[2026-08-17 14:46:42 UTC] --- [Sweep 2] T-311: generate_config ---
[2026-08-17 14:46:43 UTC]     Gen 1 | Score: 5/10 | Verifier: PASS
[2026-08-17 14:46:46 UTC]     Gen 2 | Score: 6/10 | Verifier: PASS
[2026-08-17 14:46:50 UTC]     Gen 3 | Score: 5/10 | Verifier: PASS
[2026-08-17 14:46:51 UTC]     Rate limit. Sleeping 60s...
[2026-08-17 14:47:53 UTC]     Gen 4 | Score: 6/10 | Verifier: PASS
[2026-08-17 14:47:58 UTC]     Gen 5 | Score: 6/10 | Verifier: PASS
[2026-08-17 14:48:05 UTC] === SAVING BEST OUTPUTS ===
[2026-08-17 14:48:05 UTC]   T-301: Final Score 10/10 | passed
[2026-08-17 14:48:05 UTC]   T-302: Final Score 10/10 | passed
[2026-08-17 14:48:05 UTC]   T-303: Final Score 10/10 | passed
[2026-08-17 14:48:05 UTC]   T-304: Final Score 10/10 | passed
[2026-08-17 14:48:05 UTC]   T-305: Final Score 10/10 | passed
[2026-08-17 14:48:05 UTC]   T-306: Final Score 10/10 | passed
[2026-08-17 14:48:05 UTC]   T-307: Final Score 10/10 | passed
[2026-08-17 14:48:05 UTC]   T-308: Final Score 7/10 | passed
[2026-08-17 14:48:05 UTC]   T-309: Final Score 5/10 | passed
[2026-08-17 14:48:05 UTC]   T-310: Final Score 5/10 | passed
[2026-08-17 14:48:05 UTC]   T-311: Final Score 6/10 | passed
[2026-08-17 14:48:05 UTC]   T-312: Final Score 9/10 | passed
[2026-08-17 14:48:05 UTC]   T-313: Final Score 9/10 | passed
[2026-08-17 14:48:05 UTC]   T-314: Final Score 9/10 | passed
[2026-08-17 14:48:05 UTC]   T-315: Final Score 9/10 | passed
[2026-08-17 14:48:05 UTC] === LOOP COMPLETE === API Calls Used: 91/850
[2026-08-17 14:48:05 UTC] === ITERATIVE LOOP v3 (SLEEP-SAFE) START ===
[2026-08-17 14:48:05 UTC] ========== STARTING SWEEP 1/2 ==========
[2026-08-17 14:48:05 UTC] --- [Sweep 1] T-301: implement_tool ---
[2026-08-17 14:48:09 UTC]     Gen 1 | Score: 10/10 | Verifier: PASS
[2026-08-17 14:48:09 UTC]     Target score 9 reached! Moving on.
[2026-08-17 14:48:16 UTC] --- [Sweep 1] T-302: implement_tool ---
